Date,Gold_21K
2013-03-27,307.117661
2013-03-28,305.70508
2013-03-29,305.715416
2013-03-30,305.659108
2013-03-31,305.631786
2013-04-01,305.850512
2013-04-02,302.057921
2013-04-03,298.529789
2013-04-04,297.692532
2013-04-05,304.72135
2013-04-06,304.784067
2013-04-07,304.488778
2013-04-08,302.761693
2013-04-09,305.362178
2013-04-10,300.447446
2013-04-11,301.860356
2013-04-12,285.969137
2013-04-13,286.023444
2013-04-14,286.000847
2013-04-15,261.663278
2013-04-16,265.3079
2013-04-17,267.038448
2013-04-18,270.209499
2013-04-19,272.761904
2013-04-20,272.824962
2013-04-21,272.923975
2013-04-22,275.686449
2013-04-23,274.383087
2013-04-24,276.321298
2013-04-25,279.897207
2013-04-26,279.13261
2013-04-27,279.080741
2013-04-28,278.486921
2013-04-29,280.920324
2013-04-30,280.56913
2013-05-01,279.120758
2013-05-02,280.370911
2013-05-03,280.44807
2013-05-04,280.561485
2013-05-05,280.541558
2013-05-06,280.607642
2013-05-07,278.999468
2013-05-08,281.064743
2013-05-09,279.840137
2013-05-10,279.011115
2013-05-11,279.060074
2013-05-12,279.241743
2013-05-13,277.850441
2013-05-14,277.493982
2013-05-15,274.063175
2013-05-16,273.982699
2013-05-17,271.363765
2013-05-18,271.33182
2013-05-19,271.55582
2013-05-20,275.129771
2013-05-21,272.832569
2013-05-22,272.465515
2013-05-23,274.715073
2013-05-24,274.322277
2013-05-25,274.322159
2013-05-26,274.538841
2013-05-27,275.22961
2013-05-28,273.561108
2013-05-29,275.50247
2013-05-30,276.43153
2013-05-31,274.405178
2013-06-01,274.407182
2013-06-02,274.423526
2013-06-03,276.355782
2013-06-04,275.988858
2013-06-05,276.059424
2013-06-06,276.922559
2013-06-07,274.322453
2013-06-08,274.333674
2013-06-09,274.685649
2013-06-10,274.878577
2013-06-11,273.60399
2013-06-12,274.314959
2013-06-13,274.745935
2013-06-14,275.168163
2013-06-15,275.17973
2013-06-16,274.983756
2013-06-17,274.347838
2013-06-18,272.970355
2013-06-19,271.131467
2013-06-20,277.026105
2013-06-21,277.174911
2013-06-22,277.199363
2013-06-23,277.516403
2013-06-24,277.426668
2013-06-25,277.43652
2013-06-26,277.449577
2013-06-27,277.6607
2013-06-28,277.764441
2013-06-29,243.845009
2013-06-30,245.039362
2013-07-01,247.985899
2013-07-02,245.937961
2013-07-03,247.949791
2013-07-04,246.83156
2013-07-05,242.007979
2013-07-06,242.006533
2013-07-07,242.719911
2013-07-08,244.188986
2013-07-09,247.297383
2013-07-10,252.841078
2013-07-11,253.533379
2013-07-12,253.102425
2013-07-13,253.063916
2013-07-14,254.543996
2013-07-15,253.077801
2013-07-16,254.123992
2013-07-17,251.596235
2013-07-18,253.211153
2013-07-19,255.49936
2013-07-20,255.500673
2013-07-21,258.530069
2013-07-22,263.264836
2013-07-23,264.740887
2013-07-24,260.223947
2013-07-25,262.974531
2013-07-26,262.584252
2013-07-27,262.593929
2013-07-28,262.846118
2013-07-29,261.195895
2013-07-30,261.221527
2013-07-31,261.216565
2013-08-01,256.532316
2013-08-02,258.176393
2013-08-03,258.144644
2013-08-04,258.028907
2013-08-05,256.54673
2013-08-06,252.293853
2013-08-07,252.773383
2013-08-08,258.323613
2013-08-09,258.265761
2013-08-10,258.257
2013-08-11,260.3305
2013-08-12,262.882507
2013-08-13,260.088291
2013-08-14,263.205503
2013-08-15,271.227583
2013-08-16,272.359983
2013-08-17,272.36497
2013-08-18,272.410206
2013-08-19,271.190721
2013-08-20,271.538017
2013-08-21,271.192196
2013-08-22,272.621895
2013-08-23,275.274289
2013-08-24,275.278071
2013-08-25,275.532653
2013-08-26,275.953971
2013-08-27,277.301532
2013-08-28,277.519589
2013-08-29,276.420551
2013-08-30,274.857578
2013-08-31,274.838575
2013-09-01,273.178427
2013-09-02,274.54442
2013-09-03,277.232834
2013-09-04,272.864953
2013-09-05,268.278302
2013-09-06,270.977502
2013-09-07,270.977502
2013-09-08,270.271906
2013-09-09,270.445049
2013-09-10,267.64467
2013-09-11,267.592443
2013-09-12,256.925613
2013-09-13,257.254536
2013-09-14,257.271437
2013-09-15,258.099493
2013-09-16,254.494965
2013-09-17,253.77856
2013-09-18,266.769534
2013-09-19,267.876098
2013-09-20,262.028642
2013-09-21,262.035181
2013-09-22,262.006061
2013-09-23,256.507063
2013-09-24,256.833171
2013-09-25,258.534702
2013-09-26,256.483248
2013-09-27,258.862899
2013-09-28,258.862936
2013-09-29,259.355871
2013-09-30,257.788116
2013-10-01,250.195671
2013-10-02,255.118309
2013-10-03,255.098284
2013-10-04,254.02434
2013-10-05,254.02751
2013-10-06,254.512796
2013-10-07,256.541446
2013-10-08,255.74728
2013-10-09,253.071994
2013-10-10,249.526794
2013-10-11,246.620942
2013-10-12,246.607664
2013-10-13,246.869888
2013-10-14,246.924609
2013-10-15,247.878294
2013-10-16,248.543128
2013-10-17,255.743717
2013-10-18,255.227502
2013-10-19,255.228465
2013-10-20,255.159543
2013-10-21,255.104613
2013-10-22,259.865929
2013-10-23,258.10347
2013-10-24,264.782201
2013-10-25,265.501312
2013-10-26,265.502429
2013-10-27,265.423931
2013-10-28,265.503662
2013-10-29,264.450675
2013-10-30,264.086325
2013-10-31,256.347802
2013-11-01,254.995605
2013-11-02,254.991681
2013-11-03,255.161209
2013-11-04,254.737895
2013-11-05,254.057301
2013-11-06,255.330604
2013-11-07,253.354597
2013-11-08,249.732199
2013-11-09,249.780813
2013-11-10,250.189695
2013-11-11,248.649811
2013-11-12,245.689067
2013-11-13,248.470925
2013-11-14,249.666403
2013-11-15,250.027065
2013-11-16,250.037628
2013-11-17,249.691523
2013-11-18,246.96306
2013-11-19,247.737853
2013-11-20,240.989432
2013-11-21,240.427986
2013-11-22,240.947725
2013-11-23,241.033518
2013-11-24,240.695483
2013-11-25,242.453597
2013-11-26,240.720993
2013-11-27,239.810167
2013-11-28,240.584181
2013-11-29,242.63739
2013-11-30,242.702923
2013-12-01,242.335192
2013-12-02,236.257627
2013-12-03,237.148572
2013-12-04,240.980405
2013-12-05,236.843459
2013-12-06,238.274248
2013-12-07,238.306705
2013-12-08,238.010894
2013-12-09,240.246215
2013-12-10,244.588574
2013-12-11,241.86743
2013-12-12,237.452606
2013-12-13,240.030536
2013-12-14,240.061386
2013-12-15,240.077665
2013-12-16,240.631742
2013-12-17,238.541325
2013-12-18,236.534205
2013-12-19,230.672909
2013-12-20,233.815102
2013-12-21,233.863206
2013-12-22,233.715542
2013-12-23,233.017249
2013-12-24,234.349412
2013-12-25,234.142487
2013-12-26,235.228682
2013-12-27,236.410592
2013-12-28,236.463854
2013-12-29,236.413832
2013-12-30,233.500008
2013-12-31,235.100058
2014-01-01,236.663506
2014-01-02,239.60577
2014-01-03,242.164558
2014-01-04,242.276805
2014-01-05,242.165916
2014-01-06,242.208948
2014-01-07,241.152473
2014-01-08,239.873686
2014-01-09,240.310254
2014-01-10,244.424213
2014-01-11,244.477385
2014-01-12,244.43647
2014-01-13,245.238085
2014-01-14,243.560642
2014-01-15,243.304595
2014-01-16,243.627612
2014-01-17,245.995977
2014-01-18,246.027996
2014-01-19,246.500361
2014-01-20,245.868113
2014-01-21,243.095499
2014-01-22,242.113151
2014-01-23,247.604825
2014-01-24,248.546484
2014-01-25,248.567547
2014-01-26,248.699099
2014-01-27,246.186287
2014-01-28,246.123593
2014-01-29,248.247728
2014-01-30,243.637234
2014-01-31,243.923091
2014-02-01,243.872854
2014-02-02,244.488343
2014-02-03,246.381661
2014-02-04,245.477553
2014-02-05,246.053936
2014-02-06,246.343339
2014-02-07,248.233929
2014-02-08,248.245339
2014-02-09,248.296253
2014-02-10,249.778409
2014-02-11,252.976662
2014-02-12,253.015516
2014-02-13,254.979196
2014-02-14,258.390282
2014-02-15,258.391172
2014-02-16,258.331384
2014-02-17,260.06104
2014-02-18,258.667178
2014-02-19,256.684826
2014-02-20,259.365058
2014-02-21,259.386668
2014-02-22,259.417445
2014-02-23,259.619202
2014-02-24,261.674518
2014-02-25,262.437336
2014-02-26,260.407577
2014-02-27,260.389209
2014-02-28,259.758777
2014-03-01,259.763925
2014-03-02,259.884994
2014-03-03,267.874614
2014-03-04,266.431605
2014-03-05,266.055387
2014-03-06,267.871727
2014-03-07,262.174438
2014-03-08,262.171425
2014-03-09,262.560646
2014-03-10,262.541678
2014-03-11,264.299016
2014-03-12,267.51147
2014-03-13,268.620714
2014-03-14,272.341996
2014-03-15,272.33957
2014-03-16,272.672484
2014-03-17,269.940258
2014-03-18,265.663929
2014-03-19,260.026409
2014-03-20,260.401779
2014-03-21,261.070303
2014-03-22,261.067602
2014-03-23,260.75204
2014-03-24,256.272484
2014-03-25,256.624839
2014-03-26,255.691468
2014-03-27,253.206692
2014-03-28,253.574505
2014-03-29,253.613918
2014-03-30,254.181168
2014-03-31,251.908293
2014-04-01,250.630875
2014-04-02,253.041283
2014-04-03,252.248212
2014-04-04,255.682034
2014-04-05,255.676862
2014-04-06,255.374901
2014-04-07,254.78875
2014-04-08,256.822443
2014-04-09,257.515936
2014-04-10,258.549278
2014-04-11,258.886661
2014-04-12,258.890187
2014-04-13,260.556525
2014-04-14,260.82249
2014-04-15,255.713465
2014-04-16,255.854634
2014-04-17,254.696074
2014-04-18,254.996554
2014-04-19,255.100115
2014-04-20,254.676937
2014-04-21,253.682574
2014-04-22,252.479847
2014-04-23,252.615953
2014-04-24,254.582354
2014-04-25,256.560961
2014-04-26,256.553626
2014-04-27,256.518159
2014-04-28,255.380632
2014-04-29,255.108204
2014-04-30,254.258477
2014-05-01,253.031385
2014-05-02,256.329901
2014-05-03,254.724216
2014-05-04,256.340071
2014-05-05,258.562577
2014-05-06,257.949478
2014-05-07,255.065608
2014-05-08,255.489936
2014-05-09,255.366823
2014-05-10,255.428306
2014-05-11,254.775764
2014-05-12,257.052467
2014-05-13,256.731356
2014-05-14,260.205212
2014-05-15,259.22582
2014-05-16,258.606874
2014-05-17,258.63744
2014-05-18,258.504744
2014-05-19,258.981564
2014-05-20,259.303878
2014-05-21,258.577731
2014-05-22,259.480103
2014-05-23,259.576942
2014-05-24,259.609514
2014-05-25,259.195668
2014-05-26,259.604407
2014-05-27,254.08931
2014-05-28,253.268478
2014-05-29,252.700121
2014-05-30,251.475828
2014-05-31,251.489155
2014-06-01,251.182913
2014-06-02,249.887549
2014-06-03,250.492246
2014-06-04,250.164873
2014-06-05,252.088079
2014-06-06,252.055401
2014-06-07,252.060054
2014-06-08,252.042463
2014-06-09,252.088573
2014-06-10,253.330268
2014-06-11,253.63997
2014-06-12,256.249241
2014-06-13,256.917066
2014-06-14,256.945341
2014-06-15,256.981268
2014-06-16,255.933352
2014-06-17,255.58674
2014-06-18,256.902371
2014-06-19,265.737078
2014-06-20,264.340337
2014-06-21,264.340669
2014-06-22,264.350835
2014-06-23,264.70518
2014-06-24,265.092926
2014-06-25,265.008198
2014-06-26,264.685747
2014-06-27,264.613383
2014-06-28,264.612865
2014-06-29,264.654099
2014-06-30,266.786105
2014-07-01,266.797409
2014-07-02,266.788977
2014-07-03,265.369578
2014-07-04,265.721098
2014-07-05,265.722139
2014-07-06,265.037516
2014-07-07,265.342263
2014-07-08,265.393887
2014-07-09,267.129082
2014-07-10,268.919857
2014-07-11,269.369372
2014-07-12,269.310097
2014-07-13,269.333446
2014-07-14,262.947905
2014-07-15,260.57525
2014-07-16,261.230331
2014-07-17,265.740348
2014-07-18,263.640508
2014-07-19,260.585007
2014-07-20,260.22394
2014-07-21,264.050766
2014-07-22,262.942536
2014-07-23,262.271128
2014-07-24,260.240411
2014-07-25,263.000858
2014-07-26,263.003395
2014-07-27,262.987068
2014-07-28,262.256824
2014-07-29,261.571386
2014-07-30,260.917344
2014-07-31,258.195871
2014-08-01,260.188624
2014-08-02,260.18837
2014-08-03,260.245942
2014-08-04,259.211778
2014-08-05,259.243426
2014-08-06,262.930475
2014-08-07,263.97191
2014-08-08,263.272452
2014-08-09,263.274551
2014-08-10,263.677193
2014-08-11,262.926687
2014-08-12,263.952713
2014-08-13,263.967369
2014-08-14,263.987379
2014-08-15,262.544806
2014-08-16,262.540216
2014-08-17,261.919886
2014-08-18,261.243812
2014-08-19,260.538191
2014-08-20,259.539058
2014-08-21,256.875713
2014-08-22,257.582944
2014-08-23,257.582764
2014-08-24,257.319454
2014-08-25,256.599556
2014-08-26,257.655163
2014-08-27,258.212808
2014-08-28,259.554702
2014-08-29,258.92198
2014-08-30,258.924804
2014-08-31,259.134105
2014-09-01,258.93219
2014-09-02,255.00372
2014-09-03,255.272673
2014-09-04,253.291224
2014-09-05,255.281883
2014-09-06,255.292486
2014-09-07,255.298983
2014-09-08,253.020318
2014-09-09,252.432931
2014-09-10,251.471855
2014-09-11,249.557414
2014-09-12,247.051713
2014-09-13,247.046806
2014-09-14,246.694439
2014-09-15,247.978113
2014-09-16,248.346773
2014-09-17,245.042958
2014-09-18,246.509834
2014-09-19,244.732601
2014-09-20,244.780923
2014-09-21,244.77404
2014-09-22,244.556544
2014-09-23,245.910904
2014-09-24,244.765489
2014-09-25,245.634621
2014-09-26,245.314861
2014-09-27,245.360282
2014-09-28,245.435129
2014-09-29,244.677477
2014-09-30,243.284016
2014-10-01,244.148388
2014-10-02,244.427543
2014-10-03,239.468237
2014-10-04,239.443153
2014-10-05,239.527828
2014-10-06,243.072562
2014-10-07,243.581989
2014-10-08,245.617482
2014-10-09,246.206284
2014-10-10,246.171989
2014-10-11,246.175295
2014-10-12,247.632819
2014-10-13,248.819967
2014-10-14,247.418531
2014-10-15,249.604288
2014-10-16,248.950213
2014-10-17,249.263163
2014-10-18,249.263128
2014-10-19,249.030672
2014-10-20,250.772941
2014-10-21,251.095885
2014-10-22,249.87644
2014-10-23,248.005724
2014-10-24,247.712736
2014-10-25,247.70889
2014-10-26,246.940294
2014-10-27,246.389656
2014-10-28,246.772578
2014-10-29,244.507823
2014-10-30,241.489423
2014-10-31,236.154349
2014-11-01,236.124666
2014-11-02,236.329344
2014-11-03,235.535718
2014-11-04,235.104687
2014-11-05,229.284764
2014-11-06,230.918661
2014-11-07,237.204724
2014-11-08,236.941136
2014-11-09,236.16075
2014-11-10,231.684767
2014-11-11,233.615949
2014-11-12,234.185353
2014-11-13,233.775332
2014-11-14,239.185401
2014-11-15,239.303412
2014-11-16,238.603375
2014-11-17,238.864448
2014-11-18,240.878393
2014-11-19,238.02067
2014-11-20,239.673757
2014-11-21,241.811593
2014-11-22,241.857509
2014-11-23,241.925707
2014-11-24,241.015125
2014-11-25,241.158737
2014-11-26,240.764508
2014-11-27,240.166989
2014-11-28,234.732927
2014-11-29,234.753049
2014-11-30,234.434179
2014-12-01,243.859645
2014-12-02,241.149801
2014-12-03,243.244762
2014-12-04,242.655005
2014-12-05,240.047212
2014-12-06,240.046642
2014-12-07,239.462242
2014-12-08,242.02418
2014-12-09,247.666174
2014-12-10,246.493631
2014-12-11,246.762941
2014-12-12,245.85416
2014-12-13,245.853163
2014-12-14,245.745383
2014-12-15,239.622088
2014-12-16,240.253143
2014-12-17,238.339249
2014-12-18,240.951299
2014-12-19,240.343989
2014-12-20,240.342712
2014-12-21,240.412318
2014-12-22,236.673833
2014-12-23,236.080488
2014-12-24,236.366928
2014-12-25,236.161712
2014-12-26,240.769917
2014-12-27,240.804678
2014-12-28,240.879683
2014-12-29,238.116117
2014-12-30,241.535824
2014-12-31,238.062817
2015-01-01,238.816092
2015-01-02,238.790063
2015-01-03,239.353821
2015-01-04,239.882963
2015-01-05,242.746493
2015-01-06,244.725174
2015-01-07,243.844164
2015-01-08,243.166321
2015-01-09,245.875791
2015-01-10,245.871665
2015-01-11,244.519426
2015-01-12,248.101426
2015-01-13,247.363825
2015-01-14,247.29085
2015-01-15,254.085783
2015-01-16,257.538856
2015-01-17,257.493724
2015-01-18,257.195529
2015-01-19,260.196471
2015-01-20,264.650976
2015-01-21,267.24662
2015-01-22,270.558304
2015-01-23,269.560488
2015-01-24,269.76914
2015-01-25,270.454894
2015-01-26,268.258157
2015-01-27,271.065984
2015-01-28,269.388786
2015-01-29,267.665341
2015-01-30,273.718471
2015-01-31,274.076774
2015-02-01,273.862919
2015-02-02,274.260705
2015-02-03,270.564447
2015-02-04,271.86961
2015-02-05,270.960733
2015-02-06,264.730483
2015-02-07,264.775423
2015-02-08,264.89215
2015-02-09,265.593929
2015-02-10,263.918508
2015-02-11,261.042752
2015-02-12,261.16236
2015-02-13,263.323637
2015-02-14,263.336597
2015-02-15,263.261223
2015-02-16,263.952643
2015-02-17,259.149769
2015-02-18,260.113418
2015-02-19,257.90598
2015-02-20,257.669402
2015-02-21,257.660374
2015-02-22,257.660577
2015-02-23,257.929244
2015-02-24,257.508633
2015-02-25,258.226776
2015-02-26,259.208821
2015-02-27,260.464171
2015-02-28,260.468268
2015-03-01,260.567274
2015-03-02,258.677058
2015-03-03,258.264092
2015-03-04,256.972324
2015-03-05,256.366105
2015-03-06,250.506842
2015-03-07,250.483641
2015-03-08,250.879061
2015-03-09,250.562582
2015-03-10,249.190047
2015-03-11,247.759366
2015-03-12,247.587192
2015-03-13,248.639764
2015-03-14,248.641264
2015-03-15,248.033654
2015-03-16,247.261831
2015-03-17,246.606072
2015-03-18,250.437171
2015-03-19,251.27768
2015-03-20,254.035441
2015-03-21,254.036274
2015-03-22,254.360226
2015-03-23,255.433625
2015-03-24,255.86646
2015-03-25,256.558916
2015-03-26,258.52934
2015-03-27,257.047138
2015-03-28,257.04363
2015-03-29,256.771269
2015-03-30,254.567223
2015-03-31,253.635145
2015-04-01,257.952324
2015-04-02,256.963048
2015-04-03,255.850139
2015-04-04,255.452283
2015-04-05,259.704312
2015-04-06,260.309935
2015-04-07,258.510166
2015-04-08,257.556167
2015-04-09,256.065258
2015-04-10,259.193693
2015-04-11,259.180103
2015-04-12,259.1517
2015-04-13,257.032769
2015-04-14,255.779497
2015-04-15,257.942473
2015-04-16,257.00339
2015-04-17,258.58611
2015-04-18,258.593296
2015-04-19,258.631256
2015-04-20,256.785987
2015-04-21,258.222465
2015-04-22,254.630845
2015-04-23,255.818336
2015-04-24,252.986322
2015-04-25,252.974246
2015-04-26,253.010074
2015-04-27,258.006672
2015-04-28,260.112108
2015-04-29,258.576688
2015-04-30,254.456022
2015-05-01,252.655713
2015-05-02,252.287114
2015-05-03,252.72555
2015-05-04,254.807818
2015-05-05,255.872216
2015-05-06,255.50585
2015-05-07,253.925095
2015-05-08,254.929063
2015-05-09,254.935811
2015-05-10,255.359064
2015-05-11,253.950748
2015-05-12,256.182935
2015-05-13,260.821328
2015-05-14,262.316444
2015-05-15,262.565794
2015-05-16,262.563797
2015-05-17,262.898253
2015-05-18,263.068833
2015-05-19,259.478942
2015-05-20,259.848356
2015-05-21,258.883105
2015-05-22,258.933836
2015-05-23,258.933497
2015-05-24,258.665149
2015-05-25,259.301699
2015-05-26,254.953318
2015-05-27,254.950144
2015-05-28,255.28049
2015-05-29,255.503284
2015-05-30,255.504355
2015-05-31,256.555992
2015-06-01,255.197167
2015-06-02,256.175281
2015-06-03,254.952416
2015-06-04,252.520066
2015-06-05,251.921188
2015-06-06,251.921353
2015-06-07,250.482357
2015-06-08,252.20654
2015-06-09,252.562958
2015-06-10,254.899094
2015-06-11,253.070185
2015-06-12,252.810375
2015-06-13,252.813489
2015-06-14,253.80761
2015-06-15,255.048971
2015-06-16,253.185463
2015-06-17,254.93678
2015-06-18,258.296229
2015-06-19,258.224462
2015-06-20,258.215627
2015-06-21,257.781352
2015-06-22,254.75503
2015-06-23,252.376465
2015-06-24,252.191599
2015-06-25,252.104659
2015-06-26,252.019671
2015-06-27,252.019505
2015-06-28,256.43208
2015-06-29,252.950302
2015-06-30,253.200468
2015-07-01,250.190485
2015-07-02,252.407722
2015-07-03,252.89456
2015-07-04,253.259119
2015-07-05,256.202996
2015-07-06,255.897864
2015-07-07,253.021472
2015-07-08,255.173347
2015-07-09,255.56725
2015-07-10,256.165485
2015-07-11,256.169901
2015-07-12,256.469008
2015-07-13,255.526456
2015-07-14,255.283303
2015-07-15,253.203593
2015-07-16,252.541587
2015-07-17,250.090165
2015-07-18,250.090485
2015-07-19,249.730547
2015-07-20,241.770709
2015-07-21,242.347933
2015-07-22,241.501723
2015-07-23,239.682658
2015-07-24,242.058896
2015-07-25,242.056855
2015-07-26,241.555826
2015-07-27,241.551939
2015-07-28,241.488366
2015-07-29,241.784913
2015-07-30,239.353915
2015-07-31,241.44873
2015-08-01,241.444226
2015-08-02,241.483955
2015-08-03,239.111135
2015-08-04,239.368592
2015-08-05,239.144337
2015-08-06,239.674179
2015-08-07,241.463474
2015-08-08,241.466188
2015-08-09,239.84382
2015-08-10,242.567961
2015-08-11,244.396213
2015-08-12,247.484672
2015-08-13,244.97431
2015-08-14,245.07194
2015-08-15,245.077541
2015-08-16,245.097505
2015-08-17,246.665133
2015-08-18,246.650075
2015-08-19,249.750067
2015-08-20,253.797512
2015-08-21,255.629028
2015-08-22,255.617331
2015-08-23,255.909589
2015-08-24,253.098376
2015-08-25,250.73601
2015-08-26,247.445825
2015-08-27,247.656038
2015-08-28,250.085535
2015-08-29,250.085631
2015-08-30,249.765631
2015-08-31,250.040896
2015-09-01,250.475465
2015-09-02,250.026878
2015-09-03,247.449935
2015-09-04,247.358998
2015-09-05,247.350084
2015-09-06,247.112035
2015-09-07,246.898394
2015-09-08,247.183484
2015-09-09,244.217517
2015-09-10,244.778383
2015-09-11,244.136055
2015-09-12,244.136367
2015-09-13,244.095698
2015-09-14,244.462436
2015-09-15,244.183086
2015-09-16,246.878084
2015-09-17,249.634288
2015-09-18,250.471209
2015-09-19,250.462408
2015-09-20,250.33798
2015-09-21,250.064812
2015-09-22,247.459322
2015-09-23,249.481465
2015-09-24,253.144194
2015-09-25,252.584009
2015-09-26,252.588074
2015-09-27,252.905428
2015-09-28,249.77469
2015-09-29,247.797106
2015-09-30,245.232449
2015-10-01,244.996183
2015-10-02,244.847523
2015-10-03,244.848399
2015-10-04,250.43206
2015-10-05,250.316785
2015-10-06,252.89477
2015-10-07,252.913212
2015-10-08,250.621018
2015-10-09,255.500675
2015-10-10,255.498521
2015-10-11,253.725045
2015-10-12,256.125545
2015-10-13,256.695001
2015-10-14,261.306076
2015-10-15,262.316708
2015-10-16,262.159984
2015-10-17,262.533269
2015-10-18,262.244372
2015-10-19,264.149403
2015-10-20,265.505782
2015-10-21,262.941713
2015-10-22,263.006425
2015-10-23,262.605906
2015-10-24,262.610387
2015-10-25,262.58062
2015-10-26,262.634168
2015-10-27,262.918036
2015-10-28,262.005096
2015-10-29,259.340928
2015-10-30,257.254033
2015-10-31,257.254033
2015-11-01,257.164225
2015-11-02,256.355387
2015-11-03,252.566894
2015-11-04,249.880869
2015-11-05,248.832245
2015-11-06,245.743672
2015-11-07,245.697848
2015-11-08,245.794271
2015-11-09,247.446326
2015-11-10,245.861278
2015-11-11,241.6139
2015-11-12,240.504605
2015-11-13,238.895335
2015-11-14,238.913641
2015-11-15,239.2013
2015-11-16,238.917608
2015-11-17,236.510164
2015-11-18,236.336517
2015-11-19,238.882184
2015-11-20,237.109343
2015-11-21,237.116701
2015-11-22,237.316709
2015-11-23,234.566413
2015-11-24,236.840866
2015-11-25,236.013491
2015-11-26,236.581969
2015-11-27,232.091172
2015-11-28,232.090342
2015-11-29,232.096626
2015-11-30,234.345283
2015-12-01,234.795859
2015-12-02,231.769786
2015-12-03,233.064935
2015-12-04,239.340155
2015-12-05,239.326762
2015-12-06,239.375625
2015-12-07,236.346055
2015-12-08,236.488136
2015-12-09,235.722652
2015-12-10,236.371138
2015-12-11,236.55136
2015-12-12,236.555983
2015-12-13,236.497032
2015-12-14,234.297131
2015-12-15,234.232929
2015-12-16,236.118185
2015-12-17,231.384348
2015-12-18,234.664237
2015-12-19,234.659024
2015-12-20,235.193462
2015-12-21,237.364424
2015-12-22,236.455424
2015-12-23,235.772554
2015-12-24,236.728613
2015-12-25,236.521349
2015-12-26,236.530182
2015-12-27,236.349869
2015-12-28,234.7051
2015-12-29,234.575439
2015-12-30,234.048861
2015-12-31,233.945478
2016-01-01,233.945478
2016-01-02,233.988988
2016-01-03,234.025332
2016-01-04,237.098394
2016-01-05,237.092961
2016-01-06,241.493271
2016-01-07,244.395246
2016-01-08,242.612513
2016-01-09,242.614898
2016-01-10,242.073868
2016-01-11,241.037732
2016-01-12,239.417944
2016-01-13,241.822988
2016-01-14,237.146589
2016-01-15,239.664567
2016-01-16,239.665516
2016-01-17,239.53539
2016-01-18,239.304288
2016-01-19,238.456768
2016-01-20,243.482092
2016-01-21,242.564615
2016-01-22,241.823914
2016-01-23,241.830059
2016-01-24,241.867856
2016-01-25,244.168197
2016-01-26,247.009721
2016-01-27,247.451799
2016-01-28,245.385758
2016-01-29,246.966798
2016-01-30,246.967366
2016-01-31,246.326539
2016-02-01,248.368557
2016-02-02,248.104066
2016-02-03,250.791856
2016-02-04,254.303284
2016-02-05,258.846507
2016-02-06,258.848556
2016-02-07,259.003857
2016-02-08,261.895883
2016-02-09,261.955156
2016-02-10,264.40339
2016-02-11,274.973627
2016-02-12,272.2485
2016-02-13,272.247839
2016-02-14,272.573209
2016-02-15,266.179586
2016-02-16,264.496058
2016-02-17,265.704407
2016-02-18,271.488242
2016-02-19,269.595335
2016-02-20,269.59413
2016-02-21,268.808932
2016-02-22,265.241693
2016-02-23,270.764527
2016-02-24,271.212099
2016-02-25,271.682941
2016-02-26,268.93025
2016-02-27,268.9342
2016-02-28,269.90952
2016-02-29,272.697487
2016-03-01,271.802923
2016-03-02,272.681463
2016-03-03,278.782577
2016-03-04,277.810674
2016-03-05,277.806204
2016-03-06,277.682469
2016-03-07,278.737173
2016-03-08,278.099996
2016-03-09,275.670266
2016-03-10,280.160479
2016-03-11,274.726034
2016-03-12,274.72856
2016-03-13,274.826278
2016-03-14,271.060708
2016-03-15,310.2342
2016-03-16,316.357395
2016-03-17,315.738899
2016-03-18,312.682611
2016-03-19,312.685745
2016-03-20,312.985397
2016-03-21,311.416445
2016-03-22,311.816819
2016-03-23,305.057199
2016-03-24,304.253723
2016-03-25,303.505966
2016-03-26,303.51861
2016-03-27,303.719588
2016-03-28,304.425958
2016-03-29,309.218317
2016-03-30,305.319943
2016-03-31,307.950504
2016-04-01,304.956043
2016-04-02,304.955012
2016-04-03,304.618898
2016-04-04,303.535571
2016-04-05,307.532661
2016-04-06,304.947421
2016-04-07,309.128457
2016-04-08,309.16954
2016-04-09,309.171107
2016-04-10,311.397153
2016-04-11,314.293038
2016-04-12,313.041695
2016-04-13,311.098799
2016-04-14,307.595887
2016-04-15,308.750796
2016-04-16,308.755073
2016-04-17,308.649155
2016-04-18,307.630759
2016-04-19,312.255926
2016-04-20,311.439981
2016-04-21,312.274105
2016-04-22,307.343941
2016-04-23,307.343526
2016-04-24,308.041003
2016-04-25,308.804068
2016-04-26,311.017138
2016-04-27,311.413534
2016-04-28,316.179689
2016-04-29,321.961322
2016-04-30,321.961975
2016-05-01,323.604336
2016-05-02,323.521728
2016-05-03,320.19126
2016-05-04,320.29639
2016-05-05,319.44574
2016-05-06,321.046914
2016-05-07,321.04507
2016-05-08,320.725501
2016-05-09,315.093508
2016-05-10,316.148851
2016-05-11,319.419048
2016-05-12,315.837769
2016-05-13,317.832016
2016-05-14,317.830298
2016-05-15,316.988137
2016-05-16,319.107302
2016-05-17,320.26238
2016-05-18,315.344564
2016-05-19,313.005632
2016-05-20,312.113441
2016-05-21,312.121704
2016-05-22,312.215381
2016-05-23,312.211267
2016-05-24,307.552062
2016-05-25,304.993654
2016-05-26,304.641643
2016-05-27,303.206294
2016-05-28,303.209708
2016-05-29,303.348725
2016-05-30,301.388915
2016-05-31,303.563669
2016-06-01,303.864454
2016-06-02,301.280258
2016-06-03,311.502593
2016-06-04,311.498278
2016-06-05,311.639461
2016-06-06,311.465096
2016-06-07,311.485721
2016-06-08,315.734303
2016-06-09,316.525872
2016-06-10,318.5817
2016-06-11,318.57958
2016-06-12,319.054529
2016-06-13,319.904716
2016-06-14,320.566716
2016-06-15,323.502124
2016-06-16,320.183612
2016-06-17,324.3798
2016-06-18,324.379836
2016-06-19,320.503092
2016-06-20,321.014408
2016-06-21,316.39634
2016-06-22,315.734623
2016-06-23,313.133139
2016-06-24,330.425937
2016-06-25,330.406934
2016-06-26,332.17193
2016-06-27,331.482885
2016-06-28,325.818984
2016-06-29,328.520624
2016-06-30,329.422764
2016-07-01,336.618613
2016-07-02,336.689624
2016-07-03,334.288615
2016-07-04,337.050681
2016-07-05,338.053688
2016-07-06,341.274259
2016-07-07,340.774786
2016-07-08,341.583799
2016-07-09,341.659534
2016-07-10,341.742581
2016-07-11,337.626587
2016-07-12,331.83806
2016-07-13,337.531092
2016-07-14,333.1291
2016-07-15,332.731811
2016-07-16,333.034804
2016-07-17,332.967926
2016-07-18,333.057421
2016-07-19,332.992307
2016-07-20,328.663797
2016-07-21,332.991669
2016-07-22,328.682453
2016-07-23,328.69452
2016-07-24,328.726611
2016-07-25,328.690929
2016-07-26,328.728129
2016-07-27,332.696854
2016-07-28,332.994932
2016-07-29,337.632327
2016-07-30,337.630654
2016-07-31,337.725122
2016-08-01,337.559566
2016-08-02,341.330368
2016-08-03,338.048168
2016-08-04,338.462469
2016-08-05,333.055621
2016-08-06,333.05202
2016-08-07,332.590787
2016-08-08,332.679337
2016-08-09,335.686576
2016-08-10,336.65736
2016-08-11,332.6802
2016-08-12,332.777609
2016-08-13,332.848875
2016-08-14,333.106932
2016-08-15,333.512344
2016-08-16,336.509842
2016-08-17,337.35972
2016-08-18,337.58553
2016-08-19,335.162169
2016-08-20,334.416768
2016-08-21,334.18037
2016-08-22,333.459612
2016-08-23,333.432382
2016-08-24,331.660974
2016-08-25,329.405581
2016-08-26,329.386357
2016-08-27,329.462846
2016-08-28,329.918364
2016-08-29,330.332076
2016-08-30,328.355511
2016-08-31,327.735577
2016-09-01,328.853015
2016-09-02,331.157269
2016-09-03,331.155814
2016-09-04,330.001005
2016-09-05,331.759938
2016-09-06,334.651085
2016-09-07,334.297031
2016-09-08,332.399449
2016-09-09,331.374843
2016-09-10,331.366437
2016-09-11,331.434766
2016-09-12,331.449149
2016-09-13,329.446961
2016-09-14,329.82367
2016-09-15,328.83226
2016-09-16,328.527731
2016-09-17,328.527731
2016-09-18,328.501191
2016-09-19,328.9711
2016-09-20,329.045227
2016-09-21,332.033555
2016-09-22,332.447995
2016-09-23,332.509839
2016-09-24,332.507554
2016-09-25,332.420389
2016-09-26,332.449606
2016-09-27,331.576431
2016-09-28,329.795241
2016-09-29,329.426067
2016-09-30,328.872993
2016-10-01,328.940782
2016-10-02,328.991744
2016-10-03,329.011203
2016-10-04,320.914177
2016-10-05,320.928098
2016-10-06,312.456223
2016-10-07,312.79091
2016-10-08,312.788619
2016-10-09,315.227741
2016-10-10,315.236301
2016-10-11,312.888947
2016-10-12,312.434711
2016-10-13,312.928077
2016-10-14,312.079754
2016-10-15,312.087419
2016-10-16,312.797741
2016-10-17,313.103421
2016-10-18,315.702295
2016-10-19,316.44401
2016-10-20,316.048362
2016-10-21,316.028706
2016-10-22,316.030949
2016-10-23,316.027744
2016-10-24,315.601506
2016-10-25,322.606122
2016-10-26,320.496153
2016-10-27,320.943212
2016-10-28,322.946677
2016-10-29,322.945767
2016-10-30,323.063933
2016-10-31,323.012656
2016-11-01,323.841404
2016-11-02,326.384646
2016-11-03,326.530009
2016-11-04,326.957405
2016-11-05,569.997302
2016-11-06,563.274098
2016-11-07,564.342209
2016-11-08,644.727881
2016-11-09,624.52394
2016-11-10,599.597758
2016-11-11,571.137475
2016-11-12,569.687607
2016-11-13,567.958851
2016-11-14,532.807766
2016-11-15,535.477133
2016-11-16,534.085881
2016-11-17,541.866125
2016-11-18,541.857419
2016-11-19,543.320651
2016-11-20,544.057019
2016-11-21,556.644968
2016-11-22,596.886604
2016-11-23,585.604882
2016-11-24,586.276632
2016-11-25,587.145962
2016-11-26,587.526168
2016-11-27,587.789105
2016-11-28,593.100297
2016-11-29,598.786869
2016-11-30,589.288274
2016-12-01,589.008212
2016-12-02,589.6032
2016-12-03,589.278201
2016-12-04,596.457828
2016-12-05,592.61879
2016-12-06,590.342361
2016-12-07,596.844302
2016-12-08,597.760667
2016-12-09,590.427562
2016-12-10,590.247535
2016-12-11,589.482511
2016-12-12,593.641012
2016-12-13,598.306651
2016-12-14,592.020875
2016-12-15,582.981507
2016-12-16,586.340187
2016-12-17,583.396144
2016-12-18,584.426719
2016-12-19,615.939806
2016-12-20,625.482255
2016-12-21,605.331038
2016-12-22,603.361336
2016-12-23,603.80124
2016-12-24,603.482292
2016-12-25,603.73745
2016-12-26,603.73745
2016-12-27,610.957563
2016-12-28,604.6772
2016-12-29,591.604756
2016-12-30,587.175025
2016-12-31,587.482913
2017-01-01,587.175025
2017-01-02,585.932825
2017-01-03,593.360995
2017-01-04,597.559553
2017-01-05,600.338146
2017-01-06,593.031814
2017-01-07,593.097773
2017-01-08,593.859933
2017-01-09,611.056638
2017-01-10,624.627209
2017-01-11,627.699497
2017-01-12,636.70508
2017-01-13,637.467601
2017-01-14,637.332841
2017-01-15,641.416197
2017-01-16,640.739151
2017-01-17,639.15704
2017-01-18,639.157553
2017-01-19,639.655878
2017-01-20,641.45713
2017-01-21,640.844842
2017-01-22,641.549734
2017-01-23,651.147636
2017-01-24,645.573069
2017-01-25,638.187631
2017-01-26,626.095924
2017-01-27,626.975234
2017-01-28,627.092448
2017-01-29,628.247779
2017-01-30,636.642193
2017-01-31,638.562326
2017-02-01,640.895866
2017-02-02,628.065192
2017-02-03,642.867675
2017-02-04,642.901982
2017-02-05,637.504274
2017-02-06,640.116014
2017-02-07,634.321579
2017-02-08,628.328571
2017-02-09,609.205518
2017-02-10,620.777948
2017-02-11,614.915825
2017-02-12,614.700684
2017-02-13,585.947047
2017-02-14,570.210761
2017-02-15,572.215987
2017-02-16,559.156525
2017-02-17,555.401173
2017-02-18,555.401173
2017-02-19,555.583494
2017-02-20,550.108683
2017-02-21,546.874973
2017-02-22,549.952011
2017-02-23,560.849215
2017-02-24,559.245711
2017-02-25,559.157248
2017-02-26,557.811588
2017-02-27,563.946957
2017-02-28,553.534017
2017-03-01,568.289834
2017-03-02,563.146593
2017-03-03,560.697488
2017-03-04,560.697488
2017-03-05,561.564428
2017-03-06,580.862048
2017-03-07,598.918419
2017-03-08,602.134609
2017-03-09,592.495457
2017-03-10,594.62006
2017-03-11,594.738686
2017-03-12,594.488985
2017-03-13,598.786505
2017-03-14,609.549816
2017-03-15,621.669712
2017-03-16,626.653796
2017-03-17,624.12323
2017-03-18,623.777637
2017-03-19,625.435291
2017-03-20,632.255053
2017-03-21,635.633126
2017-03-22,631.322074
2017-03-23,634.792341
2017-03-24,632.375086
2017-03-25,632.024759
2017-03-26,633.552412
2017-03-27,642.753235
2017-03-28,641.585902
2017-03-29,643.035252
2017-03-30,638.11402
2017-03-31,633.831129
2017-04-01,633.831129
2017-04-02,632.988245
2017-04-03,639.800631
2017-04-04,638.360262
2017-04-05,636.91627
2017-04-06,635.523314
2017-04-07,635.300337
2017-04-08,635.300337
2017-04-09,635.847432
2017-04-10,636.169135
2017-04-11,647.574916
2017-04-12,657.10183
2017-04-13,657.644904
2017-04-14,657.016553
2017-04-15,656.944236
2017-04-16,662.268657
2017-04-17,654.223095
2017-04-18,658.202372
2017-04-19,653.152226
2017-04-20,652.807296
2017-04-21,654.452089
2017-04-22,654.452089
2017-04-23,639.779881
2017-04-24,653.162356
2017-04-25,639.994829
2017-04-26,641.741912
2017-04-27,641.861947
2017-04-28,643.667245
2017-04-29,643.667245
2017-04-30,644.69533
2017-05-01,640.445367
2017-05-02,640.056619
2017-05-03,630.655275
2017-05-04,626.386863
2017-05-05,624.030514
2017-05-06,624.030514
2017-05-07,629.254387
2017-05-08,625.273121
2017-05-09,623.260412
2017-05-10,620.600731
2017-05-11,622.472855
2017-05-12,623.794917
2017-05-13,623.794917
2017-05-14,624.856308
2017-05-15,627.739143
2017-05-16,634.020293
2017-05-17,641.314554
2017-05-18,635.797858
2017-05-19,637.118103
2017-05-20,637.118103
2017-05-21,638.201229
2017-05-22,641.975016
2017-05-23,635.699355
2017-05-24,641.05634
2017-05-25,638.653497
2017-05-26,645.414306
2017-05-27,645.307343
2017-05-28,646.572506
2017-05-29,645.859985
2017-05-30,639.328831
2017-05-31,646.358308
2017-06-01,640.368252
2017-06-02,647.558352
2017-06-03,647.414458
2017-06-04,648.495551
2017-06-05,652.781874
2017-06-06,659.719664
2017-06-07,655.678691
2017-06-08,653.07003
2017-06-09,646.501763
2017-06-10,646.64438
2017-06-11,646.27001
2017-06-12,644.452575
2017-06-13,646.590898
2017-06-14,640.065957
2017-06-15,640.312429
2017-06-16,639.633416
2017-06-17,640.215077
2017-06-18,639.924169
2017-06-19,629.821599
2017-06-20,635.615609
2017-06-21,637.132424
2017-06-22,638.762457
2017-06-23,641.134512
2017-06-24,641.134512
2017-06-25,641.657889
2017-06-26,634.73757
2017-06-27,637.981586
2017-06-28,637.172812
2017-06-29,635.654006
2017-06-30,633.267636
2017-07-01,633.11038
2017-07-02,633.389946
2017-07-03,618.061123
2017-07-04,615.953566
2017-07-05,617.178915
2017-07-06,615.375398
2017-07-07,610.147694
2017-07-08,610.147694
2017-07-09,610.045275
2017-07-10,610.437883
2017-07-11,613.257824
2017-07-12,615.628392
2017-07-13,615.495303
2017-07-14,620.909218
2017-07-15,620.909218
2017-07-16,622.161395
2017-07-17,622.269494
2017-07-18,627.344348
2017-07-19,626.147177
2017-07-20,625.342992
2017-07-21,630.588265
2017-07-22,630.658857
2017-07-23,630.373249
2017-07-24,630.467845
2017-07-25,628.498426
2017-07-26,635.578235
2017-07-27,633.644006
2017-07-28,638.397307
2017-07-29,638.093861
2017-07-30,639.333593
2017-07-31,638.165785
2017-08-01,636.536383
2017-08-02,634.054222
2017-08-03,634.523905
2017-08-04,629.60501
2017-08-05,629.60501
2017-08-06,628.565358
2017-08-07,629.669377
2017-08-08,630.999566
2017-08-09,638.496847
2017-08-10,643.434459
2017-08-11,644.354257
2017-08-12,644.463011
2017-08-13,644.136747
2017-08-14,638.241224
2017-08-15,635.297396
2017-08-16,642.035294
2017-08-17,643.919237
2017-08-18,642.643581
2017-08-19,642.589344
2017-08-20,642.035294
2017-08-21,644.692652
2017-08-22,641.493614
2017-08-23,643.933387
2017-08-24,640.863908
2017-08-25,643.493257
2017-08-26,643.311531
2017-08-27,641.894065
2017-08-28,655.172736
2017-08-29,650.369462
2017-08-30,648.783848
2017-08-31,655.49157
2017-09-01,657.321122
2017-09-02,657.265232
2017-09-03,662.287851
2017-09-04,661.1969
2017-09-05,665.747743
2017-09-06,661.42195
2017-09-07,669.512361
2017-09-08,667.956275
2017-09-09,667.804828
2017-09-10,665.15531
2017-09-11,659.253789
2017-09-12,661.028187
2017-09-13,656.172569
2017-09-14,662.455257
2017-09-15,654.738143
2017-09-16,654.738143
2017-09-17,653.422311
2017-09-18,650.627209
2017-09-19,650.226376
2017-09-20,644.570966
2017-09-21,641.221677
2017-09-22,644.519411
2017-09-23,644.519411
2017-09-24,643.129805
2017-09-25,650.995419
2017-09-26,642.087593
2017-09-27,637.665741
2017-09-28,638.727815
2017-09-29,634.571931
2017-09-30,634.571931
2017-10-01,635.039586
2017-10-02,630.969282
2017-10-03,631.074129
2017-10-04,631.985553
2017-10-05,631.025349
2017-10-06,635.324341
2017-10-07,635.144704
2017-10-08,634.659682
2017-10-09,636.073202
2017-10-10,639.37794
2017-10-11,640.331218
2017-10-12,641.432532
2017-10-13,646.523611
2017-10-14,646.450257
2017-10-15,646.78035
2017-10-16,642.372721
2017-10-17,637.997224
2017-10-18,635.708619
2017-10-19,640.412444
2017-10-20,635.294394
2017-10-21,635.492502
2017-10-22,634.460156
2017-10-23,636.415433
2017-10-24,633.455469
2017-10-25,634.913679
2017-10-26,629.423348
2017-10-27,632.666437
2017-10-28,632.666437
2017-10-29,632.07626
2017-10-30,634.210588
2017-10-31,630.95141
2017-11-01,633.042829
2017-11-02,634.120769
2017-11-03,630.987155
2017-11-04,630.343746
2017-11-05,630.486726
2017-11-06,635.834687
2017-11-07,634.012987
2017-11-08,636.325268
2017-11-09,638.033383
2017-11-10,633.329883
2017-11-11,633.329883
2017-11-12,633.268884
2017-11-13,633.240545
2017-11-14,636.158863
2017-11-15,635.219453
2017-11-16,634.392064
2017-11-17,642.142181
2017-11-18,642.142181
2017-11-19,645.435685
2017-11-20,634.877705
2017-11-21,636.830188
2017-11-22,642.554048
2017-11-23,643.024403
2017-11-24,641.218492
2017-11-25,641.236618
2017-11-26,640.719088
2017-11-27,646.180643
2017-11-28,646.036158
2017-11-29,638.514373
2017-11-30,634.460156
2017-12-01,636.573087
2017-12-02,636.573087
2017-12-03,635.49748
2017-12-04,635.935109
2017-12-05,632.383378
2017-12-06,632.757522
2017-12-07,624.412029
2017-12-08,625.138889
2017-12-09,625.086209
2017-12-10,624.9668
2017-12-11,622.941196
2017-12-12,624.678199
2017-12-13,631.082415
2017-12-14,629.780428
2017-12-15,630.83534
2017-12-16,630.83534
2017-12-17,631.170656
2017-12-18,632.243636
2017-12-19,634.320616
2017-12-20,636.549652
2017-12-21,637.071198
2017-12-22,640.811217
2017-12-23,640.954743
2017-12-24,641.277679
2017-12-25,639.475275
2017-12-26,643.051522
2017-12-27,645.787782
2017-12-28,646.654827
2017-12-29,650.901449
2017-12-30,651.231112
2017-12-31,650.956392
2018-01-01,653.104661
2018-01-02,659.374946
2018-01-03,653.010006
2018-01-04,658.241521
2018-01-05,657.280347
2018-01-06,657.280347
2018-01-07,656.87211
2018-01-08,654.394401
2018-01-09,651.55367
2018-01-10,656.655278
2018-01-11,659.075
2018-01-12,665.164911
2018-01-13,665.540997
2018-01-14,665.578605
2018-01-15,669.54263
2018-01-16,668.60741
2018-01-17,662.018347
2018-01-18,662.055706
2018-01-19,663.631545
2018-01-20,663.631545
2018-01-21,663.488113
2018-01-22,664.291338
2018-01-23,669.146149
2018-01-24,675.245425
2018-01-25,669.754706
2018-01-26,671.277682
2018-01-27,671.277682
2018-01-28,672.146799
2018-01-29,666.703083
2018-01-30,664.56783
2018-01-31,669.546467
2018-02-01,668.970224
2018-02-02,661.759525
2018-02-03,661.759525
2018-02-04,662.584708
2018-02-05,666.307134
2018-02-06,658.51003
2018-02-07,655.721624
2018-02-08,658.163339
2018-02-09,654.07007
2018-02-10,654.07007
2018-02-11,653.681414
2018-02-12,659.223843
2018-02-13,663.331878
2018-02-14,674.236401
2018-02-15,671.952402
2018-02-16,669.083962
2018-02-17,669.083962
2018-02-18,668.856486
2018-02-19,667.994137
2018-02-20,662.618127
2018-02-21,660.356843
2018-02-22,662.676357
2018-02-23,660.822863
2018-02-24,660.822863
2018-02-25,661.25249
2018-02-26,661.552605
2018-02-27,653.76432
2018-02-28,654.487059
2018-03-01,653.856979
2018-03-02,656.433044
2018-03-03,656.433044
2018-03-04,656.656308
2018-03-05,654.766921
2018-03-06,663.664014
2018-03-07,656.967152
2018-03-08,654.655437
2018-03-09,655.391146
2018-03-10,655.391146
2018-03-11,655.33533
2018-03-12,656.892632
2018-03-13,657.91308
2018-03-14,657.190712
2018-03-15,651.997241
2018-03-16,649.643348
2018-03-17,649.643348
2018-03-18,649.52915
2018-03-19,653.653129
2018-03-20,649.912987
2018-03-21,660.485041
2018-03-22,661.290671
2018-03-23,667.984493
2018-03-24,667.984493
2018-03-25,668.193013
2018-03-26,672.066602
2018-03-27,667.804828
2018-03-28,658.304828
2018-03-29,657.670569
2018-03-30,655.863185
2018-03-31,655.863185
2018-04-01,657.166893
2018-04-02,668.466468
2018-04-03,660.090404
2018-04-04,663.507413
2018-04-05,662.432877
2018-04-06,662.340904
2018-04-07,662.340904
2018-04-08,663.822483
2018-04-09,665.014476
2018-04-10,667.692387
2018-04-11,671.895302
2018-04-12,663.174448
2018-04-13,665.911743
2018-04-14,665.911743
2018-04-15,665.772917
2018-04-16,671.093337
2018-04-17,670.436217
2018-04-18,672.945118
2018-04-19,668.495296
2018-04-20,663.957593
2018-04-21,663.957593
2018-04-22,665.172783
2018-04-23,659.146858
2018-04-24,663.144586
2018-04-25,658.740104
2018-04-26,655.821348
2018-04-27,658.45755
2018-04-28,658.45755
2018-04-29,658.944763
2018-04-30,653.459326
2018-05-01,653.188528
2018-05-02,648.157221
2018-05-03,650.895103
2018-05-04,651.830674
2018-05-05,651.830674
2018-05-06,652.194013
2018-05-07,655.606184
2018-05-08,655.49514
2018-05-09,656.229704
2018-05-10,657.795583
2018-05-11,655.88863
2018-05-12,655.88863
2018-05-13,657.200999
2018-05-14,659.162135
2018-05-15,647.927382
2018-05-16,649.780992
2018-05-17,646.437976
2018-05-18,646.945965
2018-05-19,646.945965
2018-05-20,647.290988
2018-05-21,650.79866
2018-05-22,652.594051
2018-05-23,652.721523
2018-05-24,657.159937
2018-05-25,655.937968
2018-05-26,655.937968
2018-05-27,652.480597
2018-05-28,654.307301
2018-05-29,656.267631
2018-05-30,656.524036
2018-05-31,654.737467
2018-06-01,650.930923
2018-06-02,650.930923
2018-06-03,650.930923
2018-06-04,650.398861
2018-06-05,653.130273
2018-06-06,651.780265
2018-06-07,651.360668
2018-06-08,651.475909
2018-06-09,652.133523
2018-06-10,649.524989
2018-06-11,651.421108
2018-06-12,650.863111
2018-06-13,653.174744
2018-06-14,653.776843
2018-06-15,642.210143
2018-06-16,642.210143
2018-06-17,643.758983
2018-06-18,643.790869
2018-06-19,641.51091
2018-06-20,638.397307
2018-06-21,637.231642
2018-06-22,637.254921
2018-06-23,637.254921
2018-06-24,638.386352
2018-06-25,637.016702
2018-06-26,633.094666
2018-06-27,630.467845
2018-06-28,628.317264
2018-06-29,629.692297
2018-06-30,629.692297
2018-07-01,631.03188
2018-07-02,626.068832
2018-07-03,632.035418
2018-07-04,632.122617
2018-07-05,633.200822
2018-07-06,630.711802
2018-07-07,630.711802
2018-07-08,631.663187
2018-07-09,634.050067
2018-07-10,632.864773
2018-07-11,625.369918
2018-07-12,627.0326
2018-07-13,624.366978
2018-07-14,624.356495
2018-07-15,624.733634
2018-07-16,624.594025
2018-07-17,617.851994
2018-07-18,617.800219
2018-07-19,616.425585
2018-07-20,619.615032
2018-07-21,620.134698
2018-07-22,619.824052
2018-07-23,616.580531
2018-07-24,617.077585
2018-07-25,620.795291
2018-07-26,616.391153
2018-07-27,612.353347
2018-07-28,617.973685
2018-07-29,613.058347
2018-07-30,615.672009
2018-07-31,615.340965
2018-08-01,612.805531
2018-08-02,607.336021
2018-08-03,609.550247
2018-08-04,609.550247
2018-08-05,611.384694
2018-08-06,608.291509
2018-08-07,609.66386
2018-08-08,610.130624
2018-08-09,609.128514
2018-08-10,607.614566
2018-08-11,607.614566
2018-08-12,609.8855
2018-08-13,601.364215
2018-08-14,600.827103
2018-08-15,597.905998
2018-08-16,598.106458
2018-08-17,597.338027
2018-08-18,644.818742
2018-08-19,645.50399
2018-08-20,600.680982
2018-08-21,601.170869
2018-08-22,600.654282
2018-08-23,595.555895
2018-08-24,605.873828
2018-08-25,605.873828
2018-08-26,606.33376
2018-08-27,609.50474
2018-08-28,605.966082
2018-08-29,607.67577
2018-08-30,602.086423
2018-08-31,601.039522
2018-09-01,601.039522
2018-09-02,601.398228
2018-09-03,606.105173
2018-09-04,600.395981
2018-09-05,603.33951
2018-09-06,603.9776
2018-09-07,601.271819
2018-09-08,601.271819
2018-09-09,601.742916
2018-09-10,599.679603
2018-09-11,601.014891
2018-09-12,607.841997
2018-09-13,605.531919
2018-09-14,600.944597
2018-09-15,600.944597
2018-09-16,601.481709
2018-09-17,604.433974
2018-09-18,604.16413
2018-09-19,605.939
2018-09-20,608.525143
2018-09-21,603.371463
2018-09-22,603.371463
2018-09-23,603.710101
2018-09-24,604.231591
2018-09-25,605.700977
2018-09-26,602.701936
2018-09-27,596.532311
2018-09-28,597.244208
2018-09-29,597.244208
2018-09-30,597.370443
2018-10-01,599.118691
2018-10-02,607.808063
2018-10-03,603.491115
2018-10-04,603.320867
2018-10-05,604.957284
2018-10-06,604.957284
2018-10-07,605.549699
2018-10-08,599.697969
2018-10-09,599.932396
2018-10-10,601.797009
2018-10-11,615.195059
2018-10-12,613.54222
2018-10-13,613.54222
2018-10-14,615.611239
2018-10-15,618.628623
2018-10-16,617.404301
2018-10-17,615.84396
2018-10-18,617.4375
2018-10-19,617.5586
2018-10-20,617.5586
2018-10-21,618.697657
2018-10-22,615.895546
2018-10-23,620.862231
2018-10-24,621.804815
2018-10-25,620.515787
2018-10-26,620.032175
2018-10-27,620.032175
2018-10-28,621.437003
2018-10-29,620.029359
2018-10-30,615.895546
2018-10-31,612.984044
2018-11-01,621.211537
2018-11-02,621.159506
2018-11-03,621.159506
2018-11-04,621.422785
2018-11-05,620.498464
2018-11-06,619.475008
2018-11-07,617.474043
2018-11-08,615.723594
2018-11-09,606.74378
2018-11-10,606.74378
2018-11-11,608.193538
2018-11-12,605.667165
2018-11-13,606.192893
2018-11-14,609.930456
2018-11-15,611.581569
2018-11-16,615.07484
2018-11-17,610.300427
2018-11-18,611.373224
2018-11-19,616.477234
2018-11-20,615.143536
2018-11-21,619.132269
2018-11-22,617.644893
2018-11-23,615.310911
2018-11-24,615.310911
2018-11-25,616.27064
2018-11-26,617.487816
2018-11-27,613.179215
2018-11-28,615.246581
2018-11-29,616.580531
2018-11-30,615.947131
2018-12-01,615.998716
2018-12-02,614.657495
2018-12-03,620.515787
2018-12-04,624.36037
2018-12-05,624.318781
2018-12-06,623.552831
2018-12-07,629.247948
2018-12-08,629.247948
2018-12-09,628.299703
2018-12-10,626.690073
2018-12-11,626.725062
2018-12-12,628.287968
2018-12-13,626.12125
2018-12-14,625.946457
2018-12-15,625.946457
2018-12-16,625.450298
2018-12-17,627.61064
2018-12-18,629.753195
2018-12-19,626.585106
2018-12-20,636.167618
2018-12-21,632.087276
2018-12-22,632.087276
2018-12-23,634.299457
2018-12-24,639.200547
2018-12-25,637.641667
2018-12-26,641.41392
2018-12-27,641.94149
2018-12-28,644.533403
2018-12-29,644.533403
2018-12-30,644.497383
2018-12-31,644.764643
2019-01-01,646.243337
2019-01-02,647.92271
2019-01-03,652.666864
2019-01-04,647.597285
2019-01-05,647.597285
2019-01-06,645.917334
2019-01-07,649.574489
2019-01-08,648.193899
2019-01-09,651.822534
2019-01-10,649.882627
2019-01-11,648.8471
2019-01-12,648.8471
2019-01-13,650.190766
2019-01-14,650.809563
2019-01-15,650.340052
2019-01-16,652.404811
2019-01-17,650.18079
2019-01-18,645.107268
2019-01-19,645.107268
2019-01-20,645.50399
2019-01-21,645.631998
2019-01-22,646.765966
2019-01-23,646.079838
2019-01-24,645.071202
2019-01-25,655.846395
2019-01-26,656.102799
2019-01-27,654.554559
2019-01-28,647.422197
2019-01-29,649.662276
2019-01-30,655.665955
2019-01-31,657.033772
2019-02-01,653.986701
2019-02-02,653.986701
2019-02-03,654.097892
2019-02-04,652.704068
2019-02-05,651.238438
2019-02-06,647.27616
2019-02-07,648.987569
2019-02-08,650.271772
2019-02-09,650.271772
2019-02-10,650.900197
2019-02-11,647.129069
2019-02-12,648.935952
2019-02-13,646.467157
2019-02-14,647.554056
2019-02-15,651.682517
2019-02-16,651.682517
2019-02-17,651.75684
2019-02-18,654.387347
2019-02-19,661.310632
2019-02-20,662.14024
2019-02-21,654.256764
2019-02-22,655.14431
2019-02-23,655.275066
2019-02-24,655.125631
2019-02-25,655.200349
2019-02-26,655.024186
2019-02-27,651.366645
2019-02-28,647.148132
2019-03-01,636.90169
2019-03-02,636.90169
2019-03-03,638.054647
2019-03-04,634.347016
2019-03-05,632.862496
2019-03-06,632.410051
2019-03-07,629.915818
2019-03-08,636.588267
2019-03-09,636.588267
2019-03-10,636.182198
2019-03-11,633.716376
2019-03-12,637.513464
2019-03-13,641.440367
2019-03-14,634.119187
2019-03-15,636.469531
2019-03-16,636.469531
2019-03-17,637.105137
2019-03-18,634.878667
2019-03-19,634.972993
2019-03-20,639.430715
2019-03-21,635.346491
2019-03-22,637.518446
2019-03-23,637.851142
2019-03-24,637.198655
2019-03-25,642.893824
2019-03-26,640.615189
2019-03-27,637.703035
2019-03-28,629.75474
2019-03-29,629.591186
2019-03-30,629.591186
2019-03-31,630.063675
2019-04-01,627.685304
2019-04-02,629.500323
2019-04-03,629.990984
2019-04-04,629.227733
2019-04-05,628.936971
2019-04-06,628.936971
2019-04-07,629.736567
2019-04-08,632.989659
2019-04-09,635.648884
2019-04-10,637.776677
2019-04-11,629.282251
2019-04-12,627.199831
2019-04-13,627.199831
2019-04-14,628.034694
2019-04-15,628.747938
2019-04-16,621.887448
2019-04-17,618.457468
2019-04-18,617.308705
2019-04-19,616.662835
2019-04-20,616.662835
2019-04-21,617.558182
2019-04-22,616.052846
2019-04-23,614.324225
2019-04-24,616.458309
2019-04-25,618.11407
2019-04-26,620.71585
2019-04-27,620.71585
2019-04-28,620.749659
2019-04-29,618.581334
2019-04-30,620.133364
2019-05-01,617.791711
2019-05-02,613.904659
2019-05-03,617.430575
2019-05-04,617.430575
2019-05-05,621.288948
2019-05-06,619.302788
2019-05-07,620.116886
2019-05-08,618.671106
2019-05-09,618.399988
2019-05-10,619.032134
2019-05-11,619.032134
2019-05-12,619.774521
2019-05-13,625.480762
2019-05-14,622.919281
2019-05-15,623.138201
2019-05-16,616.502382
2019-05-17,611.827742
2019-05-18,611.827742
2019-05-19,612.000194
2019-05-20,611.719959
2019-05-21,610.706473
2019-05-22,607.115378
2019-05-23,608.974755
2019-05-24,609.630945
2019-05-25,609.630945
2019-05-26,609.41761
2019-05-27,608.528113
2019-05-28,606.424744
2019-05-29,605.758383
2019-05-30,609.105085
2019-05-31,613.507307
2019-06-01,613.507307
2019-06-02,616.512545
2019-06-03,624.51375
2019-06-04,625.345749
2019-06-05,628.533035
2019-06-06,629.483604
2019-06-07,631.444747
2019-06-08,631.444747
2019-06-09,630.117465
2019-06-10,626.107355
2019-06-11,626.135126
2019-06-12,627.300619
2019-06-13,633.637501
2019-06-14,631.386082
2019-06-15,631.386082
2019-06-16,630.863052
2019-06-17,631.844467
2019-06-18,634.884072
2019-06-19,639.947716
2019-06-20,653.04408
2019-06-21,655.281075
2019-06-22,655.281075
2019-06-23,659.640225
2019-06-24,669.139049
2019-06-25,666.371454
2019-06-26,662.604018
2019-06-27,662.532599
2019-06-28,661.381955
2019-06-29,661.381955
2019-06-30,654.690197
2019-07-01,651.090378
2019-07-02,669.656558
2019-07-03,663.119402
2019-07-04,664.540843
2019-07-05,653.943365
2019-07-06,653.943365
2019-07-07,653.305063
2019-07-08,651.628822
2019-07-09,651.726909
2019-07-10,665.085975
2019-07-11,655.770255
2019-07-12,660.248793
2019-07-13,660.248793
2019-07-14,662.12037
2019-07-15,661.855793
2019-07-16,656.876541
2019-07-17,665.632661
2019-07-18,674.541098
2019-07-19,665.051603
2019-07-20,665.051603
2019-07-21,665.792953
2019-07-22,666.073464
2019-07-23,662.259831
2019-07-24,665.592588
2019-07-25,660.173193
2019-07-26,660.725253
2019-07-27,660.725253
2019-07-28,662.74268
2019-07-29,664.791128
2019-07-30,666.557694
2019-07-31,657.548102
2019-08-01,671.102338
2019-08-02,670.630354
2019-08-03,670.630354
2019-08-04,670.879717
2019-08-05,686.975083
2019-08-06,687.865159
2019-08-07,699.754284
2019-08-08,700.806546
2019-08-09,697.174916
2019-08-10,697.174916
2019-08-11,698.634947
2019-08-12,705.770929
2019-08-13,700.472349
2019-08-14,708.702599
2019-08-15,711.021632
2019-08-16,705.345343
2019-08-17,705.345343
2019-08-18,704.322361
2019-08-19,698.880478
2019-08-20,703.302433
2019-08-21,702.287138
2019-08-22,697.806606
2019-08-23,707.64052
2019-08-24,711.656202
2019-08-25,721.766878
2019-08-26,712.258302
2019-08-27,718.540717
2019-08-28,716.632774
2019-08-29,711.991614
2019-08-30,705.568517
2019-08-31,705.568517
2019-09-01,711.174345
2019-09-02,711.183769
2019-09-03,721.730116
2019-09-04,720.705179
2019-09-05,703.409313
2019-09-06,693.939472
2019-09-07,699.044616
2019-09-08,699.425913
2019-09-09,693.111045
2019-09-10,688.964453
2019-09-11,689.845429
2019-09-12,691.637102
2019-09-13,684.129395
2019-09-14,684.129395
2019-09-15,695.379928
2019-09-16,688.09964
2019-09-17,689.743614
2019-09-18,685.442432
2019-09-19,687.929263
2019-09-20,696.557924
2019-09-21,696.557924
2019-09-22,695.289418
2019-09-23,698.078896
2019-09-24,702.63505
2019-09-25,689.681655
2019-09-26,690.952645
2019-09-27,686.899429
2019-09-28,686.899429
2019-09-29,686.815204
2019-09-30,674.491256
2019-10-01,678.275694
2019-10-02,688.84026
2019-10-03,691.990563
2019-10-04,689.786711
2019-10-05,689.786711
2019-10-06,691.655364
2019-10-07,684.773407
2019-10-08,691.040125
2019-10-09,694.931384
2019-10-10,684.442984
2019-10-11,681.994434
2019-10-12,682.00695
2019-10-13,680.413131
2019-10-14,681.812327
2019-10-15,676.842043
2019-10-16,680.436663
2019-10-17,681.408909
2019-10-18,681.604214
2019-10-19,681.604214
2019-10-20,683.080409
2019-10-21,676.083048
2019-10-22,678.256159
2019-10-23,679.839773
2019-10-24,683.1875
2019-10-25,682.614553
2019-10-26,682.614553
2019-10-27,682.371059
2019-10-28,677.65662
2019-10-29,675.342565
2019-10-30,678.69479
2019-10-31,686.887668
2019-11-01,685.347046
2019-11-02,686.883029
2019-11-03,686.960018
2019-11-04,682.691209
2019-11-05,673.188325
2019-11-06,676.655085
2019-11-07,666.747803
2019-11-08,663.255163
2019-11-09,663.255163
2019-11-10,664.038033
2019-11-11,661.301399
2019-11-12,661.514668
2019-11-13,664.754206
2019-11-14,666.272752
2019-11-15,665.417041
2019-11-16,665.417041
2019-11-17,666.234418
2019-11-18,668.274706
2019-11-19,667.98873
2019-11-20,667.992713
2019-11-21,663.39089
2019-11-22,662.47864
2019-11-23,662.47864
2019-11-24,661.449876
2019-11-25,659.976298
2019-11-26,661.983754
2019-11-27,661.104879
2019-11-28,659.982875
2019-11-29,664.012043
2019-11-30,664.012043
2019-12-01,663.008158
2019-12-02,662.050667
2019-12-03,669.947589
2019-12-04,668.83914
2019-12-05,670.670607
2019-12-06,662.947773
2019-12-07,662.947773
2019-12-08,662.968717
2019-12-09,662.914551
2019-12-10,665.586199
2019-12-11,670.237404
2019-12-12,663.976869
2019-12-13,668.826858
2019-12-14,668.826858
2019-12-15,668.60741
2019-12-16,665.606951
2019-12-17,665.07171
2019-12-18,666.088252
2019-12-19,667.767628
2019-12-20,666.457527
2019-12-21,666.457527
2019-12-22,667.440373
2019-12-23,671.344047
2019-12-24,677.109951
2019-12-25,676.740702
2019-12-26,681.474304
2019-12-27,681.638843
2019-12-28,681.638843
2019-12-29,682.270185
2019-12-30,684.267082
2019-12-31,684.480184
2020-01-01,684.810246
2020-01-02,689.865139
2020-01-03,700.510103
2020-01-04,700.510103
2020-01-05,708.103308
2020-01-06,707.661625
2020-01-07,721.250254
2020-01-08,702.330396
2020-01-09,698.70337
2020-01-10,703.162659
2020-01-11,703.162659
2020-01-12,700.503059
2020-01-13,692.698335
2020-01-14,692.577331
2020-01-15,693.875
2020-01-16,691.500197
2020-01-17,693.572682
2020-01-18,693.572682
2020-01-19,693.356966
2020-01-20,693.76058
2020-01-21,692.186495
2020-01-22,694.525398
2020-01-23,692.103357
2020-01-24,698.85279
2020-01-25,698.85279
2020-01-26,703.291888
2020-01-27,702.841432
2020-01-28,696.54386
2020-01-29,701.315612
2020-01-30,700.056124
2020-01-31,706.635801
2020-02-01,706.635801
2020-02-02,706.963984
2020-02-03,703.436794
2020-02-04,691.29375
2020-02-05,690.405625
2020-02-06,693.741278
2020-02-07,696.786508
2020-02-08,696.786508
2020-02-09,698.805546
2020-02-10,695.770737
2020-02-11,693.056114
2020-02-12,694.506243
2020-02-13,696.634466
2020-02-14,700.00202
2020-02-15,700.00202
2020-02-16,698.22399
2020-02-17,697.124474
2020-02-18,702.399054
2020-02-19,706.695505
2020-02-20,710.515
2020-02-21,719.809516
2020-02-22,719.809516
2020-02-23,729.982401
2020-02-24,723.577598
2020-02-25,718.753438
2020-02-26,721.548055
2020-02-27,723.454317
2020-02-28,697.945109
2020-02-29,697.945109
2020-03-01,696.483088
2020-03-02,700.584592
2020-03-03,724.078942
2020-03-04,720.624235
2020-03-05,737.027629
2020-03-06,736.947052
2020-03-07,736.92745
2020-03-08,741.665288
2020-03-09,735.831685
2020-03-10,730.8668
2020-03-11,726.468433
2020-03-12,696.740956
2020-03-13,673.011466
2020-03-14,673.011466
2020-03-15,685.050184
2020-03-16,668.2466
2020-03-17,681.408121
2020-03-18,664.254855
2020-03-19,651.585941
2020-03-20,660.382148
2020-03-21,660.382148
2020-03-22,661.559583
2020-03-23,694.422993
2020-03-24,723.982403
2020-03-25,713.220052
2020-03-26,720.530509
2020-03-27,717.12283
2020-03-28,717.12283
2020-03-29,711.866999
2020-03-30,716.69463
2020-03-31,699.468199
2020-04-01,705.409012
2020-04-02,714.570048
2020-04-03,717.195203
2020-04-04,717.195203
2020-04-05,717.119276
2020-04-06,737.092391
2020-04-07,731.393962
2020-04-08,729.864586
2020-04-09,748.049719
2020-04-10,749.666545
2020-04-11,749.666545
2020-04-12,749.802354
2020-04-13,763.594263
2020-04-14,767.059992
2020-04-15,761.748893
2020-04-16,760.310966
2020-04-17,746.116666
2020-04-18,746.116666
2020-04-19,743.023261
2020-04-20,749.576434
2020-04-21,748.66665
2020-04-22,758.734495
2020-04-23,768.216741
2020-04-24,768.408306
2020-04-25,768.408306
2020-04-26,765.829629
2020-04-27,757.428569
2020-04-28,754.70345
2020-04-29,759.992499
2020-04-30,748.789582
2020-05-01,743.690738
2020-05-02,743.690738
2020-05-03,752.821912
2020-05-04,754.621979
2020-05-05,754.32006
2020-05-06,748.498148
2020-05-07,759.756061
2020-05-08,745.864247
2020-05-09,745.864247
2020-05-10,756.308176
2020-05-11,752.169446
2020-05-12,755.101217
2020-05-13,761.230658
2020-05-14,767.36882
2020-05-15,770.987386
2020-05-16,770.987386
2020-05-17,777.940302
2020-05-18,771.064864
2020-05-19,775.229499
2020-05-20,777.922505
2020-05-21,770.420535
2020-05-22,774.392264
2020-05-23,774.392264
2020-05-24,771.404625
2020-05-25,770.446431
2020-05-26,764.023603
2020-05-27,762.951918
2020-05-28,766.7775
2020-05-29,770.524087
2020-05-30,770.524087
2020-05-31,773.708103
2020-06-01,780.970549
2020-06-02,777.564269
2020-06-03,769.317015
2020-06-04,782.390757
2020-06-05,768.632322
2020-06-06,768.632322
2020-06-07,765.496512
2020-06-08,773.666688
2020-06-09,779.876285
2020-06-10,790.517428
2020-06-11,786.47002
2020-06-12,787.513318
2020-06-13,787.513318
2020-06-14,789.069374
2020-06-15,784.96048
2020-06-16,785.979351
2020-06-17,786.26115
2020-06-18,784.818223
2020-06-19,792.926232
2020-06-20,792.926232
2020-06-21,795.759243
2020-06-22,798.498128
2020-06-23,804.767846
2020-06-24,802.792446
2020-06-25,803.574623
2020-06-26,804.675934
2020-06-27,804.675934
2020-06-28,804.414338
2020-06-29,806.03513
2020-06-30,809.874117
2020-07-01,802.985371
2020-07-02,805.478134
2020-07-03,805.732414
2020-07-04,805.732414
2020-07-05,805.603051
2020-07-06,806.766072
2020-07-07,809.791112
2020-07-08,814.970401
2020-07-09,811.952167
2020-07-10,809.397992
2020-07-11,809.397992
2020-07-12,809.784642
2020-07-13,809.891084
2020-07-14,811.812935
2020-07-15,813.90948
2020-07-16,807.265683
2020-07-17,812.981862
2020-07-18,812.981862
2020-07-19,810.586962
2020-07-20,816.854778
2020-07-21,828.172602
2020-07-22,841.019211
2020-07-23,848.979894
2020-07-24,855.167538
2020-07-25,855.167538
2020-07-26,860.428975
2020-07-27,883.470473
2020-07-28,879.92458
2020-07-29,882.96201
2020-07-30,879.186892
2020-07-31,888.77054
2020-08-01,888.77054
2020-08-02,890.3847
2020-08-03,887.791117
2020-08-04,912.43504
2020-08-05,916.540188
2020-08-06,930.165897
2020-08-07,914.360045
2020-08-08,914.408859
2020-08-09,914.448221
2020-08-10,912.354982
2020-08-11,858.137339
2020-08-12,863.916097
2020-08-13,877.301328
2020-08-14,871.852457
2020-08-15,871.852457
2020-08-16,867.805448
2020-08-17,888.985008
2020-08-18,898.429817
2020-08-19,863.380042
2020-08-20,875.50274
2020-08-21,870.322045
2020-08-22,870.322045
2020-08-23,866.74721
2020-08-24,862.961394
2020-08-25,863.88462
2020-08-26,871.887435
2020-08-27,860.23628
2020-08-28,876.976686
2020-08-29,876.976686
2020-08-30,879.537125
2020-08-31,878.902207
2020-09-01,880.674582
2020-09-02,868.292376
2020-09-03,858.585301
2020-09-04,860.357498
2020-09-05,860.357498
2020-09-06,860.713737
2020-09-07,857.997694
2020-09-08,857.927095
2020-09-09,864.274752
2020-09-10,862.38153
2020-09-11,860.794346
2020-09-12,860.794346
2020-09-13,861.231391
2020-09-14,868.084737
2020-09-15,866.000916
2020-09-16,869.6969
2020-09-17,862.462859
2020-09-18,864.163814
2020-09-19,864.163814
2020-09-20,863.722597
2020-09-21,847.894845
2020-09-22,843.90535
2020-09-23,821.943977
2020-09-24,829.067374
2020-09-25,826.402145
2020-09-26,826.402145
2020-09-27,826.04702
2020-09-28,834.76703
2020-09-29,841.327219
2020-09-30,836.75607
2020-10-01,843.980367
2020-10-02,842.179992
2020-10-03,842.179992
2020-10-04,843.465967
2020-10-05,846.078272
2020-10-06,831.045773
2020-10-07,833.937637
2020-10-08,836.856737
2020-10-09,852.836262
2020-10-10,852.836262
2020-10-11,853.962652
2020-10-12,849.222929
2020-10-13,835.945668
2020-10-14,838.060364
2020-10-15,841.242258
2020-10-16,838.405199
2020-10-17,838.405199
2020-10-18,839.991905
2020-10-19,841.392292
2020-10-20,844.389321
2020-10-21,849.520471
2020-10-22,841.7513
2020-10-23,840.104216
2020-10-24,840.104216
2020-10-25,839.59648
2020-10-26,839.728509
2020-10-27,841.574475
2020-10-28,830.220872
2020-10-29,825.317084
2020-10-30,828.16618
2020-10-31,828.16618
2020-11-01,829.165058
2020-11-02,838.321906
2020-11-03,846.696734
2020-11-04,842.506825
2020-11-05,858.610629
2020-11-06,862.02941
2020-11-07,862.02941
2020-11-08,862.372772
2020-11-09,824.090246
2020-11-10,825.913444
2020-11-11,821.380016
2020-11-12,825.602047
2020-11-13,831.591231
2020-11-14,831.591231
2020-11-15,830.903266
2020-11-16,832.14338
2020-11-17,827.969969
2020-11-18,822.912815
2020-11-19,817.341158
2020-11-20,820.284587
2020-11-21,820.284587
2020-11-22,821.093397
2020-11-23,808.680356
2020-11-24,796.134723
2020-11-25,796.358552
2020-11-26,795.583086
2020-11-27,787.058327
2020-11-28,787.058327
2020-11-29,785.170465
2020-11-30,783.605479
2020-12-01,798.091716
2020-12-02,806.864943
2020-12-03,811.946622
2020-12-04,810.247174
2020-12-05,810.247174
2020-12-06,808.934018
2020-12-07,823.206448
2020-12-08,824.214076
2020-12-09,809.820436
2020-12-10,812.377754
2020-12-11,812.507551
2020-12-12,812.507551
2020-12-13,811.037693
2020-12-14,809.47029
2020-12-15,818.390157
2020-12-16,823.474115
2020-12-17,832.292964
2020-12-18,830.694978
2020-12-19,830.694978
2020-12-20,835.298663
2020-12-21,828.375419
2020-12-22,822.813765
2020-12-23,826.858565
2020-12-24,826.541588
2020-12-25,820.982979
2020-12-26,820.982979
2020-12-27,831.496747
2020-12-28,829.70826
2020-12-29,831.828372
2020-12-30,838.061692
2020-12-31,840.104924
2021-01-01,845.677901
2021-01-02,845.677901
2021-01-03,844.128879
2021-01-04,859.756549
2021-01-05,860.969793
2021-01-06,849.314085
2021-01-07,846.182826
2021-01-08,815.984813
2021-01-09,816.378235
2021-01-10,819.122104
2021-01-11,813.731505
2021-01-12,819.105659
2021-01-13,814.189093
2021-01-14,814.402287
2021-01-15,805.387762
2021-01-16,805.366316
2021-01-17,801.78323
2021-01-18,811.865807
2021-01-19,813.915291
2021-01-20,827.863251
2021-01-21,827.221754
2021-01-22,820.523584
2021-01-23,820.523584
2021-01-24,820.92144
2021-01-25,820.018109
2021-01-26,819.421637
2021-01-27,812.346727
2021-01-28,815.16629
2021-01-29,815.304974
2021-01-30,815.304974
2021-01-31,820.832297
2021-02-01,822.095258
2021-02-02,813.779145
2021-02-03,811.238148
2021-02-04,792.553777
2021-02-05,799.263597
2021-02-06,799.263597
2021-02-07,802.196607
2021-02-08,806.810433
2021-02-09,808.409538
2021-02-10,811.27831
2021-02-11,803.71547
2021-02-12,801.814752
2021-02-13,801.7916
2021-02-14,798.753281
2021-02-15,798.861008
2021-02-16,786.317504
2021-02-17,782.239612
2021-02-18,781.175883
2021-02-19,784.308878
2021-02-20,784.308878
2021-02-21,783.852861
2021-02-22,799.167023
2021-02-23,796.290018
2021-02-24,794.727479
2021-02-25,781.883249
2021-02-26,767.006687
2021-02-27,767.006687
2021-02-28,767.241145
2021-03-01,762.953452
2021-03-02,765.830596
2021-03-03,753.792472
2021-03-04,748.262642
2021-03-05,750.991946
2021-03-06,750.991946
2021-03-07,752.942123
2021-03-08,744.957176
2021-03-09,759.041923
2021-03-10,764.373191
2021-03-11,761.632544
2021-03-12,762.855804
2021-03-13,762.855804
2021-03-14,761.734932
2021-03-15,764.590827
2021-03-16,763.568758
2021-03-17,772.650355
2021-03-18,765.731648
2021-03-19,768.010863
2021-03-20,768.010863
2021-03-21,768.453528
2021-03-22,769.514443
2021-03-23,765.685011
2021-03-24,769.829238
2021-03-25,762.998209
2021-03-26,763.980784
2021-03-27,763.980784
2021-03-28,765.140798
2021-03-29,757.217141
2021-03-30,745.644161
2021-03-31,754.475228
2021-04-01,764.545418
2021-04-02,765.728683
2021-04-03,765.728683
2021-04-04,763.863039
2021-04-05,760.050843
2021-04-06,769.566513
2021-04-07,766.78657
2021-04-08,775.410762
2021-04-09,771.10589
2021-04-10,771.10589
2021-04-11,769.914085
2021-04-12,765.189502
2021-04-13,770.416208
2021-04-14,765.301865
2021-04-15,778.008319
2021-04-16,783.657228
2021-04-17,783.597368
2021-04-18,785.867993
2021-04-19,782.718364
2021-04-20,784.811908
2021-04-21,791.952768
2021-04-22,787.308943
2021-04-23,784.661958
2021-04-24,784.661958
2021-04-25,785.066738
2021-04-26,785.472553
2021-04-27,783.217971
2021-04-28,785.258019
2021-04-29,780.984401
2021-04-30,779.698621
2021-05-01,779.698621
2021-05-02,779.218896
2021-05-03,789.424381
2021-05-04,784.251197
2021-05-05,786.991813
2021-05-06,799.872016
2021-05-07,807.406856
2021-05-08,807.406856
2021-05-09,809.859386
2021-05-10,808.834346
2021-05-11,809.679315
2021-05-12,801.865579
2021-05-13,803.906937
2021-05-14,812.518994
2021-05-15,812.518994
2021-05-16,813.752929
2021-05-17,824.976512
2021-05-18,824.513792
2021-05-19,823.274677
2021-05-20,826.019685
2021-05-21,829.597026
2021-05-22,829.597026
2021-05-23,829.368585
2021-05-24,827.021805
2021-05-25,836.5835
2021-05-26,836.960736
2021-05-27,836.955398
2021-05-28,839.003707
2021-05-29,839.003707
2021-05-30,839.002475
2021-05-31,842.59536
2021-06-01,836.918032
2021-06-02,842.396724
2021-06-03,826.542484
2021-06-04,834.395316
2021-06-05,834.395316
2021-06-06,834.344159
2021-06-07,837.489198
2021-06-08,833.873119
2021-06-09,833.700703
2021-06-10,836.448289
2021-06-11,825.403915
2021-06-12,825.403915
2021-06-13,823.755699
2021-06-14,821.878611
2021-06-15,819.429848
2021-06-16,800.380095
2021-06-17,782.64835
2021-06-18,776.307147
2021-06-19,776.307147
2021-06-20,778.523631
2021-06-21,785.398425
2021-06-22,785.137181
2021-06-23,782.328563
2021-06-24,783.063074
2021-06-25,785.69102
2021-06-26,785.69102
2021-06-27,785.769496
2021-06-28,784.359867
2021-06-29,775.496348
2021-06-30,779.9066
2021-07-01,784.2247
2021-07-02,788.561562
2021-07-03,788.561562
2021-07-04,787.720211
2021-07-05,790.451322
2021-07-06,792.447717
2021-07-07,795.880794
2021-07-08,796.860818
2021-07-09,798.025214
2021-07-10,798.154272
2021-07-11,795.695453
2021-07-12,797.554003
2021-07-13,796.840507
2021-07-14,807.454303
2021-07-15,807.665159
2021-07-16,800.391395
2021-07-17,800.391395
2021-07-18,801.357713
2021-07-19,798.601341
2021-07-20,797.116519
2021-07-21,794.330195
2021-07-22,797.289478
2021-07-23,794.366487
2021-07-24,794.366487
2021-07-25,794.218684
2021-07-26,793.857804
2021-07-27,793.832101
2021-07-28,798.620651
2021-07-29,809.37625
2021-07-30,802.070031
2021-07-31,802.070031
2021-08-01,802.143959
2021-08-02,800.320099
2021-08-03,800.038481
2021-08-04,800.145502
2021-08-05,797.563591
2021-08-06,778.959919
2021-08-07,779.190972
2021-08-08,759.737092
2021-08-09,764.060324
2021-08-10,762.803866
2021-08-11,773.545328
2021-08-12,774.788913
2021-08-13,785.646096
2021-08-14,785.646096
2021-08-15,785.772887
2021-08-16,789.567191
2021-08-17,789.146867
2021-08-18,790.246569
2021-08-19,785.822943
2021-08-20,787.261405
2021-08-21,787.261405
2021-08-22,785.938071
2021-08-23,797.246734
2021-08-24,795.85871
2021-08-25,791.514008
2021-08-26,791.718237
2021-08-27,802.985612
2021-08-28,802.985612
2021-08-29,802.706601
2021-08-30,800.063401
2021-08-31,801.449612
2021-09-01,801.841918
2021-09-02,798.835934
2021-09-03,807.635742
2021-09-04,807.635742
2021-09-05,807.433732
2021-09-06,806.191317
2021-09-07,793.70933
2021-09-08,792.756774
2021-09-09,793.483068
2021-09-10,790.598335
2021-09-11,790.598335
2021-09-12,789.337758
2021-09-13,792.469412
2021-09-14,797.952554
2021-09-15,793.60428
2021-09-16,775.557538
2021-09-17,775.657083
2021-09-18,775.657083
2021-09-19,775.420633
2021-09-20,780.120097
2021-09-21,784.372201
2021-09-22,780.905607
2021-09-23,770.737336
2021-09-24,773.210562
2021-09-25,773.210562
2021-09-26,771.642155
2021-09-27,773.865562
2021-09-28,767.265192
2021-09-29,764.53729
2021-09-30,775.858937
2021-10-01,778.579246
2021-10-02,778.579246
2021-10-03,779.210818
2021-10-04,780.880756
2021-10-05,778.121271
2021-10-06,778.86848
2021-10-07,774.695143
2021-10-08,776.170753
2021-10-09,776.170753
2021-10-10,775.065291
2021-10-11,775.716751
2021-10-12,778.056886
2021-10-13,792.239774
2021-10-14,794.01842
2021-10-15,781.332099
2021-10-16,781.332099
2021-10-17,782.984799
2021-10-18,780.877855
2021-10-19,782.720913
2021-10-20,787.424276
2021-10-21,788.659594
2021-10-22,791.757611
2021-10-23,791.757611
2021-10-24,793.60428
2021-10-25,800.15856
2021-10-26,792.18205
2021-10-27,793.493169
2021-10-28,794.955732
2021-10-29,787.884254
2021-10-30,787.884254
2021-10-31,786.836218
2021-11-01,793.255877
2021-11-02,788.591627
2021-11-03,785.846219
2021-11-04,791.41575
2021-11-05,804.06309
2021-11-06,804.06309
2021-11-07,801.486831
2021-11-08,807.346341
2021-11-09,809.37625
2021-11-10,816.373035
2021-11-11,823.491267
2021-11-12,825.568948
2021-11-13,825.568948
2021-11-14,825.83588
2021-11-15,824.554702
2021-11-16,818.145311
2021-11-17,825.473743
2021-11-18,821.20243
2021-11-19,815.173245
2021-11-20,815.173245
2021-11-21,815.88182
2021-11-22,799.690554
2021-11-23,792.464371
2021-11-24,791.102081
2021-11-25,792.448692
2021-11-26,792.774117
2021-11-27,792.774117
2021-11-28,795.800941
2021-11-29,789.915453
2021-11-30,785.512435
2021-12-01,787.850356
2021-12-02,782.133393
2021-12-03,787.781307
2021-12-04,787.781307
2021-12-05,788.547871
2021-12-06,788.417143
2021-12-07,789.242313
2021-12-08,788.331897
2021-12-09,784.921835
2021-12-10,787.648323
2021-12-11,787.648323
2021-12-12,787.930337
2021-12-13,789.050719
2021-12-14,784.841924
2021-12-15,788.130506
2021-12-16,796.271222
2021-12-17,796.43328
2021-12-18,796.43328
2021-12-19,797.662506
2021-12-20,791.855011
2021-12-21,790.845427
2021-12-22,797.718973
2021-12-23,799.161503
2021-12-24,798.917936
2021-12-25,798.917936
2021-12-26,798.85094
2021-12-27,801.118884
2021-12-28,798.85641
2021-12-29,797.627572
2021-12-30,801.939739
2021-12-31,807.92554
2022-01-01,807.92554
2022-01-02,807.719518
2022-01-03,799.354039
2022-01-04,803.190584
2022-01-05,800.9609
2022-01-06,792.343376
2022-01-07,793.74938
2022-01-08,793.74938
2022-01-09,794.200288
2022-01-10,797.310587
2022-01-11,805.03029
2022-01-12,806.884332
2022-01-13,804.08218
2022-01-14,802.573873
2022-01-15,802.573873
2022-01-16,801.450786
2022-01-17,803.566599
2022-01-18,803.583707
2022-01-19,812.413952
2022-01-20,813.877398
2022-01-21,810.812618
2022-01-22,810.812618
2022-01-23,811.23438
2022-01-24,815.263192
2022-01-25,818.471543
2022-01-26,806.485224
2022-01-27,796.483927
2022-01-28,793.199514
2022-01-29,793.199514
2022-01-30,791.659875
2022-01-31,795.648894
2022-02-01,796.146156
2022-02-02,799.35481
2022-02-03,798.983356
2022-02-04,800.284617
2022-02-05,800.284617
2022-02-06,801.461402
2022-02-07,804.876568
2022-02-08,806.951066
2022-02-09,810.854944
2022-02-10,808.15887
2022-02-11,821.557051
2022-02-12,821.557051
2022-02-13,820.303067
2022-02-14,828.070211
2022-02-15,819.307028
2022-02-16,826.117536
2022-02-17,841.691279
2022-02-18,840.016687
2022-02-19,840.016687
2022-02-20,843.585618
2022-02-21,843.239587
2022-02-22,838.888875
2022-02-23,845.545768
2022-02-24,843.701733
2022-02-25,837.362605
2022-02-26,837.362605
2022-02-27,845.602827
2022-02-28,842.054528
2022-03-01,857.817404
2022-03-02,854.071267
2022-03-03,856.218396
2022-03-04,870.857941
2022-03-05,870.857941
2022-03-06,881.917092
2022-03-07,885.290438
2022-03-08,905.469576
2022-03-09,881.836234
2022-03-10,882.765363
2022-03-11,877.105474
2022-03-12,877.105474
2022-03-13,868.84431
2022-03-14,864.959016
2022-03-15,848.359668
2022-03-16,852.149223
2022-03-17,858.702309
2022-03-18,849.334913
2022-03-19,849.334913
2022-03-20,849.91558
2022-03-21,991.634724
2022-03-22,1000.997346
2022-03-23,1005.571781
2022-03-24,1011.048157
2022-03-25,1018.287501
2022-03-26,1021.559974
2022-03-27,1021.699529
2022-03-28,990.095573
2022-03-29,987.406875
2022-03-30,993.871077
2022-03-31,996.560435
2022-04-01,989.64239
2022-04-02,989.64239
2022-04-03,988.569994
2022-04-04,990.502399
2022-04-05,984.933917
2022-04-06,990.544591
2022-04-07,997.72348
2022-04-08,1005.785684
2022-04-09,1005.785684
2022-04-10,1003.108929
2022-04-11,1013.043674
2022-04-12,1022.33605
2022-04-13,1023.516059
2022-04-14,1021.508386
2022-04-15,1022.865678
2022-04-16,1022.865678
2022-04-17,1030.40865
2022-04-18,1034.907547
2022-04-19,1012.511137
2022-04-20,1017.894324
2022-04-21,1018.850264
2022-04-22,1009.802989
2022-04-23,1009.802989
2022-04-24,1009.67246
2022-04-25,992.553289
2022-04-26,994.197243
2022-04-27,982.210555
2022-04-28,984.729878
2022-04-29,986.781956
2022-04-30,986.781956
2022-05-01,987.636409
2022-05-02,967.972372
2022-05-03,971.805862
2022-05-04,984.812193
2022-05-05,975.76381
2022-05-06,979.470154
2022-05-07,979.470154
2022-05-08,979.131423
2022-05-09,964.545929
2022-05-10,954.026179
2022-05-11,959.80276
2022-05-12,938.76902
2022-05-13,933.3565
2022-05-14,933.3565
2022-05-15,934.604723
2022-05-16,938.197721
2022-05-17,933.212098
2022-05-18,932.344165
2022-05-19,947.002525
2022-05-20,948.43217
2022-05-21,948.43217
2022-05-22,948.100979
2022-05-23,960.585633
2022-05-24,973.867068
2022-05-25,970.872589
2022-05-26,969.272638
2022-05-27,968.62416
2022-05-28,968.62416
2022-05-29,967.34581
2022-05-30,969.261542
2022-05-31,960.579676
2022-06-01,967.195973
2022-06-02,980.634342
2022-06-03,970.537815
2022-06-04,970.537815
2022-06-05,970.028014
2022-06-06,964.622631
2022-06-07,973.679867
2022-06-08,973.742381
2022-06-09,972.779665
2022-06-10,985.538254
2022-06-11,985.538254
2022-06-12,989.881317
2022-06-13,959.408851
2022-06-14,955.122189
2022-06-15,968.380859
2022-06-16,976.51383
2022-06-17,970.957347
2022-06-18,970.957347
2022-06-19,969.995493
2022-06-20,970.771171
2022-06-21,966.143566
2022-06-22,968.961256
2022-06-23,964.029704
2022-06-24,965.680447
2022-06-25,965.680447
2022-06-26,966.4527
2022-06-27,963.664716
2022-06-28,961.469862
2022-06-29,961.561928
2022-06-30,954.781734
2022-07-01,956.705253
2022-07-02,956.705253
2022-07-03,955.971704
2022-07-04,959.634871
2022-07-05,938.916566
2022-07-06,924.030838
2022-07-07,925.390701
2022-07-08,924.220608
2022-07-09,924.316813
2022-07-10,926.120938
2022-07-11,920.184401
2022-07-12,915.938949
2022-07-13,920.052764
2022-07-14,909.30412
2022-07-15,906.27779
2022-07-16,906.27779
2022-07-17,907.218098
2022-07-18,909.928123
2022-07-19,909.293366
2022-07-20,903.590054
2022-07-21,914.579806
2022-07-22,918.970783
2022-07-23,918.970783
2022-07-24,918.786026
2022-07-25,916.469723
2022-07-26,916.522892
2022-07-27,926.565097
2022-07-28,933.751895
2022-07-29,939.887627
2022-07-30,939.887627
2022-07-31,939.901281
2022-08-01,946.646489
2022-08-02,941.586062
2022-08-03,946.88696
2022-08-04,964.397731
2022-08-05,954.830788
2022-08-06,954.830788
2022-08-07,954.203022
2022-08-08,964.786129
2022-08-09,967.723737
2022-08-10,964.664927
2022-08-11,963.497829
2022-08-12,970.333538
2022-08-13,970.333538
2022-08-14,969.323946
2022-08-15,958.589863
2022-08-16,957.226191
2022-08-17,949.079907
2022-08-18,946.930505
2022-08-19,941.270346
2022-08-20,941.270346
2022-08-21,941.544478
2022-08-22,936.188904
2022-08-23,940.914216
2022-08-24,946.234746
2022-08-25,949.051473
2022-08-26,938.860019
2022-08-27,938.860019
2022-08-28,940.04772
2022-08-29,939.754984
2022-08-30,932.884487
2022-08-31,924.671783
2022-09-01,918.559342
2022-09-02,926.252091
2022-09-03,926.252091
2022-09-04,928.956389
2022-09-05,928.017608
2022-09-06,922.772093
2022-09-07,929.532739
2022-09-08,929.091034
2022-09-09,929.674976
2022-09-10,929.674976
2022-09-11,931.24588
2022-09-12,938.996874
2022-09-13,927.525795
2022-09-14,925.050067
2022-09-15,907.81226
2022-09-16,915.461886
2022-09-17,915.461886
2022-09-18,908.34513
2022-09-19,914.708563
2022-09-20,911.447811
2022-09-21,913.515458
2022-09-22,916.83413
2022-09-23,902.01974
2022-09-24,901.773129
2022-09-25,907.806542
2022-09-26,896.433895
2022-09-27,893.098463
2022-09-28,909.598818
2022-09-29,914.590515
2022-09-30,913.006214
2022-10-01,913.006214
2022-10-02,915.370514
2022-10-03,938.684315
2022-10-04,955.000064
2022-10-05,950.033881
2022-10-06,945.990353
2022-10-07,937.590961
2022-10-08,937.590961
2022-10-09,943.844034
2022-10-10,923.498686
2022-10-11,921.356947
2022-10-12,927.647995
2022-10-13,920.481648
2022-10-14,909.7637
2022-10-15,909.7637
2022-10-16,909.200146
2022-10-17,913.338547
2022-10-18,914.474866
2022-10-19,899.843213
2022-10-20,897.192929
2022-10-21,915.197175
2022-10-22,915.197175
2022-10-23,916.363786
2022-10-24,914.420417
2022-10-25,916.241787
2022-10-26,923.891201
2022-10-27,947.02311
2022-10-28,1071.06329
2022-10-29,1071.06329
2022-10-30,1072.230691
2022-10-31,1109.571716
2022-11-01,1121.528518
2022-11-02,1107.180728
2022-11-03,1111.083579
2022-11-04,1144.063754
2022-11-05,1146.525735
2022-11-06,1125.682506
2022-11-07,1146.265976
2022-11-08,1172.602938
2022-11-09,1171.109698
2022-11-10,1201.958155
2022-11-11,1212.305215
2022-11-12,1212.188408
2022-11-13,1213.052493
2022-11-14,1217.612611
2022-11-15,1224.224948
2022-11-16,1221.130677
2022-11-17,1214.331516
2022-11-18,1205.929046
2022-11-19,1205.929046
2022-11-20,1211.90834
2022-11-21,1199.589886
2022-11-22,1200.898215
2022-11-23,1209.48117
2022-11-24,1212.881311
2022-11-25,1211.415525
2022-11-26,1211.415525
2022-11-27,1214.243086
2022-11-28,1203.973392
2022-11-29,1207.268332
2022-11-30,1224.696961
2022-12-01,1244.855965
2022-12-02,1243.203572
2022-12-03,1243.203572
2022-12-04,1242.637254
2022-12-05,1222.877885
2022-12-06,1224.749982
2022-12-07,1238.051289
2022-12-08,1238.137335
2022-12-09,1243.429786
2022-12-10,1242.958233
2022-12-11,1243.657058
2022-12-12,1236.155322
2022-12-13,1254.490965
2022-12-14,1257.01413
2022-12-15,1231.372917
2022-12-16,1242.91223
2022-12-17,1242.679114
2022-12-18,1244.428444
2022-12-19,1242.125297
2022-12-20,1263.302831
2022-12-21,1262.970593
2022-12-22,1247.832678
2022-12-23,1247.155456
2022-12-24,1247.155456
2022-12-25,1258.583731
2022-12-26,1251.663221
2022-12-27,1258.88363
2022-12-28,1256.078034
2022-12-29,1264.568612
2022-12-30,1268.960647
2022-12-31,1268.960647
2023-01-01,1272.999182
2023-01-02,1271.038789
2023-01-03,1281.321554
2023-01-04,1372.614971
2023-01-05,1355.292524
2023-01-06,1380.577832
2023-01-07,1380.577832
2023-01-08,1428.0563
2023-01-09,1451.488369
2023-01-10,1460.565844
2023-01-11,1567.448866
2023-01-12,1577.234313
2023-01-13,1592.840564
2023-01-14,1592.840564
2023-01-15,1593.527476
2023-01-16,1600.840908
2023-01-17,1588.146498
2023-01-18,1591.681157
2023-01-19,1620.375858
2023-01-20,1614.049819
2023-01-21,1614.049819
2023-01-22,1616.018302
2023-01-23,1622.385667
2023-01-24,1626.853085
2023-01-25,1639.240291
2023-01-26,1623.341478
2023-01-27,1619.429067
2023-01-28,1619.429067
2023-01-29,1622.801608
2023-01-30,1627.398222
2023-01-31,1635.921622
2023-02-01,1659.216289
2023-02-02,1631.995128
2023-02-03,1584.917774
2023-02-04,1588.418435
2023-02-05,1589.269038
2023-02-06,1587.534354
2023-02-07,1595.953243
2023-02-08,1602.768732
2023-02-09,1597.608786
2023-02-10,1596.945458
2023-02-11,1596.945458
2023-02-12,1597.748657
2023-02-13,1592.959432
2023-02-14,1596.590659
2023-02-15,1579.486949
2023-02-16,1577.817291
2023-02-17,1579.713763
2023-02-18,1582.965642
2023-02-19,1581.658278
2023-02-20,1583.439677
2023-02-21,1579.551622
2023-02-22,1572.459873
2023-02-23,1572.316137
2023-02-24,1556.35631
2023-02-25,1560.978601
2023-02-26,1560.121566
2023-02-27,1566.541236
2023-02-28,1572.557409
2023-03-01,1583.944511
2023-03-02,1591.375504
2023-03-03,1603.455206
2023-03-04,1603.455206
2023-03-05,1604.145877
2023-03-06,1599.640452
2023-03-07,1568.965432
2023-03-08,1576.6519
2023-03-09,1591.832027
2023-03-10,1621.535634
2023-03-11,1622.128542
2023-03-12,1616.851775
2023-03-13,1662.12119
2023-03-14,1655.907183
2023-03-15,1668.696075
2023-03-16,1666.181478
2023-03-17,1706.133803
2023-03-18,1704.551406
2023-03-19,1710.269977
2023-03-20,1717.740825
2023-03-21,1687.558182
2023-03-22,1711.454304
2023-03-23,1734.358809
2023-03-24,1718.211127
2023-03-25,1718.211127
2023-03-26,1715.28351
2023-03-27,1701.114854
2023-03-28,1714.462471
2023-03-29,1702.504355
2023-03-30,1721.075446
2023-03-31,1701.109092
2023-04-01,1701.109092
2023-04-02,1701.75345
2023-04-03,1724.88099
2023-04-04,1756.123117
2023-04-05,1756.185631
2023-04-06,1745.572307
2023-04-07,1736.675375
2023-04-08,1736.042705
2023-04-09,1740.354721
2023-04-10,1739.788924
2023-04-11,1736.418657
2023-04-12,1756.407271
2023-04-13,1773.612161
2023-04-14,1729.026565
2023-04-15,1734.877527
2023-04-16,1744.712528
2023-04-17,1731.758629
2023-04-18,1742.170004
2023-04-19,1731.596118
2023-04-20,1741.842858
2023-04-21,1709.236721
2023-04-22,1709.236721
2023-04-23,1723.853976
2023-04-24,1735.11304
2023-04-25,1738.623775
2023-04-26,1734.605377
2023-04-27,1728.523146
2023-04-28,1715.458502
2023-04-29,1714.84297
2023-04-30,1729.948836
2023-05-01,1729.695139
2023-05-02,1753.249416
2023-05-03,1788.107741
2023-05-04,1784.166885
2023-05-05,1716.890853
2023-05-06,1716.890853
2023-05-07,1746.990326
2023-05-08,1756.060604
2023-05-09,1770.452537
2023-05-10,1766.836903
2023-05-11,1752.443252
2023-05-12,1738.376141
2023-05-13,1738.376141
2023-05-14,1745.120399
2023-05-15,1752.613741
2023-05-16,1727.918688
2023-05-17,1724.294922
2023-05-18,1700.83679
2023-05-19,1715.667118
2023-05-20,1717.896492
2023-05-21,1716.685856
2023-05-22,1710.861775
2023-05-23,1712.29804
2023-05-24,1704.031163
2023-05-25,1687.902476
2023-05-26,1690.279237
2023-05-27,1690.279237
2023-05-28,1691.613063
2023-05-29,1687.98971
2023-05-30,1695.477594
2023-05-31,1707.511607
2023-06-01,1717.683395
2023-06-02,1692.503221
2023-06-03,1692.945589
2023-06-04,1696.18825
2023-06-05,1698.989602
2023-06-06,1707.307117
2023-06-07,1693.583345
2023-06-08,1710.83535
2023-06-09,1704.72617
2023-06-10,1707.18076
2023-06-11,1706.775835
2023-06-12,1704.687559
2023-06-13,1691.04387
2023-06-14,1691.045129
2023-06-15,1701.258594
2023-06-16,1699.600942
2023-06-17,1699.600942
2023-06-18,1700.228527
2023-06-19,1697.627533
2023-06-20,1684.473081
2023-06-21,1681.410798
2023-06-22,1666.108311
2023-06-23,1666.049146
2023-06-24,1668.4369
2023-06-25,1672.172451
2023-06-26,1671.535937
2023-06-27,1664.99815
2023-06-28,1659.292791
2023-06-29,1658.825726
2023-06-30,1667.454196
2023-07-01,1667.454196
2023-07-02,1669.101035
2023-07-03,1671.558875
2023-07-04,1674.768764
2023-07-05,1665.197548
2023-07-06,1662.169385
2023-07-07,1673.559121
2023-07-08,1674.866329
2023-07-09,1674.931373
2023-07-10,1671.562554
2023-07-11,1682.613314
2023-07-12,1702.375531
2023-07-13,1704.483304
2023-07-14,1699.815642
2023-07-15,1701.087329
2023-07-16,1698.061589
2023-07-17,1701.081108
2023-07-18,1717.67967
2023-07-19,1712.159051
2023-07-20,1709.064989
2023-07-21,1697.762307
2023-07-22,1697.762307
2023-07-23,1698.349699
2023-07-24,1697.64951
2023-07-25,1707.566875
2023-07-26,1714.580268
2023-07-27,1694.894103
2023-07-28,1702.420511
2023-07-29,1704.422794
2023-07-30,1696.403283
2023-07-31,1707.937168
2023-08-01,1698.138511
2023-08-02,1681.481534
2023-08-03,1684.115098
2023-08-04,1688.492249
2023-08-05,1690.606189
2023-08-06,1681.708029
2023-08-07,1684.838352
2023-08-08,1674.785025
2023-08-09,1665.247721
2023-08-10,1662.330964
2023-08-11,1660.442997
2023-08-12,1662.056644
2023-08-13,1669.673059
2023-08-14,1658.584463
2023-08-15,1652.529101
2023-08-16,1646.551899
2023-08-17,1642.657605
2023-08-18,1641.604677
2023-08-19,1643.20534
2023-08-20,1641.317515
2023-08-21,1643.683944
2023-08-22,1649.457428
2023-08-23,1668.215522
2023-08-24,1665.402335
2023-08-25,1665.193722
2023-08-26,1665.240661
2023-08-27,1665.74185
2023-08-28,1668.280315
2023-08-29,1687.373435
2023-08-30,1691.405089
2023-08-31,1688.009812
2023-09-01,1686.442655
2023-09-02,1686.442655
2023-09-03,1685.874895
2023-09-04,1684.974646
2023-09-05,1676.443631
2023-09-06,1664.75025
2023-09-07,1668.296514
2023-09-08,1666.844056
2023-09-09,1666.844056
2023-09-10,1665.990939
2023-09-11,1672.860162
2023-09-12,1662.287934
2023-09-13,1659.0351
2023-09-14,1661.263052
2023-09-15,1672.51101
2023-09-16,1674.350361
2023-09-17,1672.424452
2023-09-18,1681.361827
2023-09-19,1678.121385
2023-09-20,1678.295169
2023-09-21,1671.61319
2023-09-22,1673.131623
2023-09-23,1674.866329
2023-09-24,1669.741163
2023-09-25,1666.463993
2023-09-26,1653.919619
2023-09-27,1630.688444
2023-09-28,1621.93451
2023-09-29,1605.620421
2023-09-30,1606.757163
2023-10-01,1613.756176
2023-10-02,1587.906394
2023-10-03,1587.444384
2023-10-04,1578.301065
2023-10-05,1578.368089
2023-10-06,1586.891026
2023-10-07,1586.891026
2023-10-08,1599.815348
2023-10-09,1618.617486
2023-10-10,1615.983447
2023-10-11,1631.934452
2023-10-12,1624.703255
2023-10-13,1677.029643
2023-10-14,1677.029643
2023-10-15,1672.519349
2023-10-16,1669.781369
2023-10-17,1671.699531
2023-10-18,1695.749557
2023-10-19,1717.646313
2023-10-20,1719.631449
2023-10-21,1721.298267
2023-10-22,1714.890987
2023-10-23,1714.252902
2023-10-24,1715.706627
2023-10-25,1724.757078
2023-10-26,1724.836337
2023-10-27,1744.160095
2023-10-28,1745.493223
2023-10-29,1740.962333
2023-10-30,1735.136623
2023-10-31,1726.170339
2023-11-01,1724.479115
2023-11-02,1724.774939
2023-11-03,1731.58491
2023-11-04,1731.58491
2023-11-05,1714.429558
2023-11-06,1717.890933
2023-11-07,1705.733914
2023-11-08,1694.219611
2023-11-09,1704.309828
2023-11-10,1682.695797
2023-11-11,1684.603924
2023-11-12,1685.718344
2023-11-13,1690.972721
2023-11-14,1704.897164
2023-11-15,1705.487369
2023-11-16,1726.198247
2023-11-17,1722.050514
2023-11-18,1722.690903
2023-11-19,1713.068202
2023-11-20,1723.103124
2023-11-21,1738.505624
2023-11-22,1731.553473
2023-11-23,1735.299459
2023-11-24,1741.826115
2023-11-25,1741.99524
2023-11-26,1737.917224
2023-11-27,1752.327324
2023-11-28,1778.240169
2023-11-29,1780.516786
2023-11-30,1774.203491
2023-12-01,1800.027246
2023-12-02,1799.701087
2023-12-03,1843.581707
2023-12-04,1768.300643
2023-12-05,1750.20703
2023-12-06,1765.926266
2023-12-07,1763.27588
2023-12-08,1741.256612
2023-12-09,1741.256612
2023-12-10,1748.371479
2023-12-11,1725.902422
2023-12-12,1726.17592
2023-12-13,1766.916951
2023-12-14,1772.154449
2023-12-15,1755.92421
2023-12-16,1755.115791
2023-12-17,1753.892295
2023-12-18,1763.144639
2023-12-19,1775.420598
2023-12-20,1766.751137
2023-12-21,1785.271511
2023-12-22,1783.284416
2023-12-23,1784.919148
2023-12-24,1787.522486
2023-12-25,1783.244905
2023-12-26,1790.455254
2023-12-27,1801.113516
2023-12-28,1797.162581
2023-12-29,1792.378244
2023-12-30,1793.729704
2023-12-31,1799.935253
2024-01-01,1799.95918
2024-01-02,1790.067843
2024-01-03,1779.213142
2024-01-04,1771.912076
2024-01-05,1769.389238
2024-01-06,1769.389238
2024-01-07,1767.421431
2024-01-08,1766.510992
2024-01-09,1766.548729
2024-01-10,1763.030516
2024-01-11,1770.068669
2024-01-12,1779.364973
2024-01-13,1781.261527
2024-01-14,1782.166223
2024-01-15,1787.414569
2024-01-16,1762.853626
2024-01-17,1745.233376
2024-01-18,1759.43885
2024-01-19,1761.300244
2024-01-20,1761.300244
2024-01-21,1762.541671
2024-01-22,1756.492518
2024-01-23,1763.45277
2024-01-24,1752.656278
2024-01-25,1756.262353
2024-01-26,1754.78191
2024-01-27,1756.07197
2024-01-28,1761.286992
2024-01-29,1766.796879
2024-01-30,1772.79104
2024-01-31,1774.140339
2024-02-01,1784.924924
2024-02-02,1773.583455
2024-02-03,1773.583455
2024-02-04,1791.106698
2024-02-05,1759.666633
2024-02-06,1770.292114
2024-02-07,1769.982728
2024-02-08,1766.522428
2024-02-09,1760.216502
2024-02-10,1759.626771
2024-02-11,1755.298374
2024-02-12,1755.90716
2024-02-13,1731.675692
2024-02-14,1731.456022
2024-02-15,1741.944503
2024-02-16,1749.22603
2024-02-17,1749.005282
2024-02-18,1747.945747
2024-02-19,1752.639263
2024-02-20,1761.921689
2024-02-21,1759.444545
2024-02-22,1759.621077
2024-02-23,1768.630594
2024-02-24,1770.378055
2024-02-25,1766.54284
2024-02-26,1769.164993
2024-02-27,1763.310117
2024-02-28,1772.532301
2024-02-29,1777.193157
2024-03-01,1809.021056
2024-03-02,1810.949219
2024-03-03,1809.967438
2024-03-04,1838.195791
2024-03-05,1849.611731
2024-03-06,2991.293608
2024-03-07,2998.232271
2024-03-08,3028.150285
2024-03-09,3024.589077
2024-03-10,3031.830052
2024-03-11,3012.56205
2024-03-12,2958.801223
2024-03-13,2962.78325
2024-03-14,2904.372325
2024-03-15,2896.579203
2024-03-16,2896.579203
2024-03-17,2900.731715
2024-03-18,2862.319812
2024-03-19,2852.7937
2024-03-20,2905.964321
2024-03-21,2865.431927
2024-03-22,2831.676463
2024-03-23,2846.614583
2024-03-24,2855.125627
2024-03-25,2898.992583
2024-03-26,2930.892096
2024-03-27,2915.19739
2024-03-28,2976.267412
2024-03-29,2975.502531
2024-03-30,2975.502531
2024-03-31,2997.921204
2024-04-01,3011.412699
2024-04-02,3021.648692
2024-04-03,3062.110102
2024-04-04,3048.500521
2024-04-05,3106.896562
2024-04-06,3106.896562
2024-04-07,3080.048463
2024-04-08,3125.500184
2024-04-09,3147.509585
2024-04-10,3125.07953
2024-04-11,3177.33448
2024-04-12,3131.298002
2024-04-13,3134.625
2024-04-14,3162.444631
2024-04-15,3231.764885
2024-04-16,3248.468485
2024-04-17,3233.553864
2024-04-18,3237.712635
2024-04-19,3248.395793
2024-04-20,3248.395793
2024-04-21,3241.559238
2024-04-22,3166.426223
2024-04-23,3143.300827
2024-04-24,3119.167864
2024-04-25,3140.988489
2024-04-26,3145.804308
2024-04-27,3145.804308
2024-04-28,3144.291136
2024-04-29,3137.491952
2024-04-30,3088.578974
2024-05-01,3111.636072
2024-05-02,3108.055877
2024-05-03,3104.443539
2024-05-04,3104.443539
2024-05-05,3094.611707
2024-05-06,3137.149177
2024-05-07,3107.377289
2024-05-08,3089.272525
2024-05-09,3130.235506
2024-05-10,3139.665451
2024-05-11,3139.665451
2024-05-12,3144.912592
2024-05-13,3093.951119
2024-05-14,3107.925904
2024-05-15,3151.891204
2024-05-16,3141.264109
2024-05-17,3183.580947
2024-05-18,3187.528835
2024-05-19,3195.662388
2024-05-20,3184.320941
2024-05-21,3183.183761
2024-05-22,3133.85474
2024-05-23,3091.873556
2024-05-24,3097.388061
2024-05-25,3097.388061
2024-05-26,3099.387023
2024-05-27,3122.184841
2024-05-28,3158.396285
2024-05-29,3115.489205
2024-05-30,3113.101629
2024-05-31,3088.952103
2024-06-01,3092.474855
2024-06-02,3087.214965
2024-06-03,3117.558078
2024-06-04,3110.63428
2024-06-05,3150.612959
2024-06-06,3174.808682
2024-06-07,3066.718541
2024-06-08,3066.718541
2024-06-09,3084.8904
2024-06-10,3099.023219
2024-06-11,3096.954986
2024-06-12,3112.954194
2024-06-13,3093.011492
2024-06-14,3124.929414
2024-06-15,3128.535985
2024-06-16,3129.749104
2024-06-17,3113.868296
2024-06-18,3128.778609
2024-06-19,3128.876839
2024-06-20,3164.486966
2024-06-21,3112.693441
2024-06-22,3114.018416
2024-06-23,3114.836377
2024-06-24,3168.631475
2024-06-25,3157.925293
2024-06-26,3107.526615
2024-06-27,3142.524993
2024-06-28,3138.7312
2024-06-29,3138.7312
2024-06-30,3134.1409
2024-07-01,3166.972781
2024-07-02,3157.939371
2024-07-03,3193.852276
2024-07-04,3183.786065
2024-07-05,3226.165914
2024-07-06,3226.165914
2024-07-07,3226.479814
2024-07-08,3187.603146
2024-07-09,3196.927026
2024-07-10,3206.848906
2024-07-11,3261.573818
2024-07-12,3252.009037
2024-07-13,3253.73494
2024-07-14,3261.687881
2024-07-15,3265.738422
2024-07-16,3336.748279
2024-07-17,3339.51889
2024-07-18,3318.778648
2024-07-19,3252.734742
2024-07-20,3252.734742
2024-07-21,3266.221148
2024-07-22,3266.213524
2024-07-23,3278.275625
2024-07-24,3261.072993
2024-07-25,3214.311207
2024-07-26,3243.083294
2024-07-27,3245.500298
2024-07-28,3261.835303
2024-07-29,3236.627573
2024-07-30,3283.28292
2024-07-31,3340.389913
2024-08-01,3348.946215
2024-08-02,3336.373454
2024-08-03,3336.373454
2024-08-04,3339.769445
2024-08-05,3330.246351
2024-08-06,3303.152576
2024-08-07,3306.61695
2024-08-08,3362.804163
2024-08-09,3367.204534
2024-08-10,3367.204534
2024-08-11,3363.541038
2024-08-12,3434.204231
2024-08-13,3421.246407
2024-08-14,3385.078819
2024-08-15,3381.403897
2024-08-16,3444.879268
2024-08-17,3444.879268
2024-08-18,3448.002895
2024-08-19,3439.394309
2024-08-20,3456.206789
2024-08-21,3448.028935
2024-08-22,3413.510255
2024-08-23,3445.873149
2024-08-24,3443.112045
2024-08-25,3457.337711
2024-08-26,3452.831042
2024-08-27,3459.518611
2024-08-28,3430.736371
2024-08-29,3445.022317
2024-08-30,3425.090732
2024-08-31,3427.923246
2024-09-01,3429.432463
2024-09-02,3404.837292
2024-09-03,3402.857441
2024-09-04,3401.012774
2024-09-05,3432.600634
2024-09-06,3404.290841
2024-09-07,3403.983929
2024-09-08,3397.700793
2024-09-09,3408.915263
2024-09-10,3426.967298
2024-09-11,3419.457127
2024-09-12,3483.432972
2024-09-13,3508.387394
2024-09-14,3510.243476
2024-09-15,3505.871532
2024-09-16,3519.95355
2024-09-17,3500.243437
2024-09-18,3491.584559
2024-09-19,3527.588894
2024-09-20,3579.42468
2024-09-21,3581.750492
2024-09-22,3582.975051
2024-09-23,3592.530446
2024-09-24,3643.535559
2024-09-25,3632.784333
2024-09-26,3638.228102
2024-09-27,3614.315195
2024-09-28,3614.315195
2024-09-29,3624.602788
2024-09-30,3583.71342
2024-10-01,3608.266752
2024-10-02,3619.279837
2024-10-03,3607.776848
2024-10-04,3604.526607
2024-10-05,3604.526607
2024-10-06,3608.291718
2024-10-07,3602.318194
2024-10-08,3588.351368
2024-10-09,3562.260922
2024-10-10,3596.532341
2024-10-11,3632.125942
2024-10-12,3632.125942
2024-10-13,3631.443161
2024-10-14,3626.356905
2024-10-15,3632.619736
2024-10-16,3654.535201
2024-10-17,3687.239825
2024-10-18,3725.136829
2024-10-19,3725.136829
2024-10-20,3727.313283
2024-10-21,3730.579344
2024-10-22,3764.35957
2024-10-23,3735.025155
2024-10-24,3749.472888
2024-10-25,3767.564755
2024-10-26,3767.564755
2024-10-27,3759.487379
2024-10-28,3753.42259
2024-10-29,3806.009655
2024-10-30,3819.335617
2024-10-31,3783.065769
2024-11-01,3760.223262
2024-11-02,3771.128938
2024-11-03,3757.749099
2024-11-04,3781.672377
2024-11-05,3798.282921
2024-11-06,3693.738148
2024-11-07,3758.449355
2024-11-08,3726.253049
2024-11-09,3726.253049
2024-11-10,3729.783369
2024-11-11,3634.121872
2024-11-12,3595.648693
2024-11-13,3566.463965
2024-11-14,3578.742215
2024-11-15,3557.875319
2024-11-16,3560.40641
2024-11-17,3568.325762
2024-11-18,3631.832515
2024-11-19,3667.806639
2024-11-20,3709.847769
2024-11-21,3725.935302
2024-11-22,3795.438896
2024-11-23,3795.438896
2024-11-24,3773.708193
2024-11-25,3644.73947
2024-11-26,3673.437849
2024-11-27,3686.755962
2024-11-28,3681.286846
2024-11-29,3699.028579
2024-11-30,3699.028579
2024-12-01,3702.397572
2024-12-02,3690.359805
2024-12-03,3702.087384
2024-12-04,3717.167863
2024-12-05,3699.55727
2024-12-06,3697.245177
2024-12-07,3697.245177
2024-12-08,3710.579345
2024-12-09,3778.535632
2024-12-10,3825.387465
2024-12-11,3871.081686
2024-12-12,3832.479321
2024-12-13,3780.665631
2024-12-14,3780.665631
2024-12-15,3789.936467
2024-12-16,3790.391194
2024-12-17,3779.180405
2024-12-18,3707.56028
2024-12-19,3710.779559
2024-12-20,3756.97739
2024-12-21,3756.97739
2024-12-22,3757.229464
2024-12-23,3761.405872
2024-12-24,3746.769816
2024-12-25,3747.929383
2024-12-26,3759.53428
2024-12-27,3755.109136
2024-12-28,3755.109136
2024-12-29,3753.993041
2024-12-30,3724.10132
2024-12-31,3753.880442
2025-01-01,3753.166529
2025-01-02,3799.149254
2025-01-03,3766.692728
2025-01-04,3769.14215
2025-01-05,3770.238898
2025-01-06,3749.819004
2025-01-07,3779.675948
2025-01-08,3786.522662
2025-01-09,3793.022707
2025-01-10,3821.473019
2025-01-11,3823.392297
2025-01-12,3824.084537
2025-01-13,3789.077355
2025-01-14,3794.657408
2025-01-15,3823.833042
2025-01-16,3852.834596
2025-01-17,3832.008463
2025-01-18,3831.932432
2025-01-19,3818.050592
2025-01-20,3836.492608
2025-01-21,3887.31369
2025-01-22,3899.494978
2025-01-23,3897.580813
2025-01-24,3916.438859
2025-01-25,3918.893525
2025-01-26,3929.647611
2025-01-27,3872.812694
2025-01-28,3902.615363
2025-01-29,3902.659192
2025-01-30,3947.010822
2025-01-31,3957.859003
2025-02-01,3957.859003
2025-02-02,3991.348737
2025-02-03,3990.176121
2025-02-04,4017.897089
2025-02-05,4056.026497
2025-02-06,4042.742098
2025-02-07,4040.8049
2025-02-08,4039.630219
2025-02-09,4068.723122
2025-02-10,4061.126556
2025-02-11,4148.880896
2025-02-12,4126.968531
2025-02-13,4176.896651
2025-02-14,4176.805905
2025-02-15,4101.872852
2025-02-16,4101.872852
2025-02-17,4139.897789
2025-02-18,4126.055284
2025-02-19,4177.38338
2025-02-20,4176.70691
2025-02-21,4185.29291
2025-02-22,4170.260481
2025-02-23,4170.260481
2025-02-24,4167.194505
2025-02-25,4198.870209
2025-02-26,4148.301378
2025-02-27,4149.236352
2025-02-28,4095.416895
2025-03-01,4069.432064
2025-03-02,4069.432064
2025-03-03,4079.946324
2025-03-04,4116.406786
2025-03-05,4152.180702
2025-03-06,4156.027219
2025-03-07,4144.510005
2025-03-08,4144.348496
2025-03-09,4144.348496
2025-03-10,4147.532484
2025-03-11,4152.367614
2025-03-12,4149.33477
2025-03-13,4190.637847
2025-03-14,4252.638851
2025-03-15,4243.846785
2025-03-16,4253.277052
2025-03-17,4267.41006
2025-03-18,4304.609777
2025-03-19,4343.267738
2025-03-20,4324.251955
2025-03-21,4284.965557
2025-03-22,4297.877077
2025-03-23,4272.521727
2025-03-24,4274.328018
2025-03-25,4296.959199
2025-03-26,4297.435136
2025-03-27,4336.946784
2025-03-28,4377.819748
2025-03-29,4390.732446
2025-03-30,4390.732446
2025-03-31,4431.423181
2025-04-01,4418.838928
2025-04-02,4445.319026
2025-04-03,4418.633098
2025-04-04,4299.304887
2025-04-05,4322.805718
2025-04-06,4322.805718
2025-04-07,4290.942203
2025-04-08,4344.157266
2025-04-09,4457.991979
2025-04-10,4569.513214
2025-04-11,4673.902492
2025-04-12,4669.102427
2025-04-13,4669.102427
2025-04-14,4613.09082
2025-04-15,4626.202212
2025-04-16,4793.771296
2025-04-17,4762.126931
2025-04-18,4778.284404
2025-04-19,4778.284404
2025-04-20,4778.284404
2025-04-21,4865.453831
2025-04-22,4884.327608
2025-04-23,4698.957393
2025-04-24,4779.210748
2025-04-25,4715.267218
2025-04-26,4744.141011
2025-04-27,4741.227791
2025-04-28,4766.900232
2025-04-29,4748.218547
2025-04-30,4734.34965
2025-05-01,4615.668764
2025-05-02,4621.542497
2025-05-03,4621.622339
2025-05-04,4619.187757
2025-05-05,4719.579906
2025-05-06,4864.209962
2025-05-07,4828.586594
2025-05-08,4699.668829
2025-05-09,4762.677076
2025-05-10,4746.717092
2025-05-11,4743.039775
2025-05-12,4583.524383
2025-05-13,4623.72748
2025-05-14,4514.971645
2025-05-15,4551.409385
2025-05-16,4491.216775
2025-05-17,4517.299445
2025-05-18,4517.299445
2025-05-19,4541.84476
2025-05-20,4617.902
2025-05-21,4646.304427
2025-05-22,4630.728698
2025-05-23,4726.211021
2025-05-24,4709.089122
2025-05-25,4709.089122
2025-05-26,4685.584279
2025-05-27,4623.384864
2025-05-28,4622.948505
2025-05-29,4650.441424
2025-05-30,4604.952742
2025-05-31,4605.969353
2025-06-01,4583.841164
2025-06-02,4721.621229
2025-06-03,4688.780814
2025-06-04,4721.022489
2025-06-05,4688.478733
2025-06-06,4637.067398
2025-06-07,4619.041426
2025-06-08,4604.518808
2025-06-09,4654.942077
2025-06-10,4626.394346
2025-06-11,4627.347631
2025-06-12,4730.146138
2025-06-13,4791.744176
2025-06-14,4805.735874
2025-06-15,4805.735874
2025-06-16,4793.278919
2025-06-17,4779.318191
2025-06-18,4817.319218
2025-06-19,4799.740614
2025-06-20,4800.005825
2025-06-21,4793.953344
2025-06-22,4793.953344
2025-06-23,4818.331905
2025-06-24,4677.610044
2025-06-25,4679.183337
2025-06-26,4679.323994
2025-06-27,4599.450152
2025-06-28,4599.689959
2025-06-29,4583.079886
2025-06-30,4589.84478
2025-07-01,4653.445031
2025-07-02,4638.203351
2025-07-03,4627.271804
2025-07-04,4627.206165
2025-07-05,4619.001217
2025-07-06,4619.001217
2025-07-07,4657.583601
2025-07-08,4628.279934
2025-07-09,4621.377531
2025-07-10,4629.39439
2025-07-11,4671.571663
2025-07-12,4672.261068
2025-07-13,4672.261068
2025-07-14,4668.456458
2025-07-15,4632.991825
2025-07-16,4665.292353
2025-07-17,4633.03871
2025-07-18,4664.10461
2025-07-19,4666.143654
2025-07-20,4666.143654
2025-07-21,4697.146333
2025-07-22,4727.524
2025-07-23,4681.049536
2025-07-24,4647.377218
2025-07-25,4603.275848
2025-07-26,4604.775712
2025-07-27,4604.775712
2025-07-28,4544.417138
2025-07-29,4561.463433
2025-07-30,4520.179385
2025-07-31,4509.80146
2025-08-01,4579.22181
2025-08-02,4609.75456
2025-08-03,4578.548006
2025-08-04,4604.429863
2025-08-05,4602.557614
2025-08-06,4604.705473
2025-08-07,4629.097316
2025-08-08,4644.657491
2025-08-09,4644.765997
2025-08-10,4609.332296
2025-08-11,4577.643496
2025-08-12,4558.701992
2025-08-13,4561.604908
2025-08-14,4532.150671
2025-08-15,4531.916244
2025-08-16,4525.853866
2025-08-17,4525.853866
2025-08-18,4536.295342
2025-08-19,4527.486366
2025-08-20,4570.538474
2025-08-21,4546.722658
2025-08-22,4609.295809
2025-08-23,4593.823653
2025-08-24,4580.750389
2025-08-25,4593.889956
2025-08-26,4618.029802
2025-08-27,4638.671477
2025-08-28,4657.104435
2025-08-29,4711.780666
2025-08-30,4711.499353
2025-08-31,4652.887021
2025-09-01,4741.922667
2025-09-02,4822.948737
2025-09-03,4876.612469
2025-09-04,4843.31342
2025-09-05,4915.652601
2025-09-06,4898.265681
2025-09-07,4893.886886
2025-09-08,4936.083027
2025-09-09,4907.064671
2025-09-10,4938.533339
2025-09-11,4932.556187
2025-09-12,4944.282792
2025-09-13,4944.529197
2025-09-14,4929.484317
2025-09-15,4981.868555
2025-09-16,4991.272671
2025-09-17,4996.390274
2025-09-18,4947.506592
2025-09-19,4982.509782
2025-09-20,5000.303736
2025-09-21,4941.281363
2025-09-22,5076.352547
2025-09-23,5117.084991
2025-09-24,5074.055688
2025-09-25,5071.621861
2025-09-26,5128.849008
2025-09-27,5090.064145
2025-09-28,5112.132687
2025-09-29,5179.672227
2025-09-30,5177.313227
2025-10-01,5196.498778
2025-10-02,5166.174226
2025-10-03,5206.516485
2025-10-04,5224.493498
2025-10-05,5224.493498
2025-10-06,5291.610435
2025-10-07,5332.810802
2025-10-08,5416.780385
2025-10-09,5287.874427
2025-10-10,5330.535645
2025-10-11,5373.181727
2025-10-12,5349.455898
2025-10-13,5500.16666
2025-10-14,5569.368846
2025-10-15,5625.753566
2025-10-16,5746.984979
2025-10-17,5648.102165
2025-10-18,5695.680319
2025-10-19,5686.920248
2025-10-20,5809.278762
2025-10-21,5502.199175
2025-10-22,5440.229251
2025-10-23,5532.324174
2025-10-24,5508.851232
2025-10-25,5511.976926
2025-10-26,5500.114221
2025-10-27,5338.939917
2025-10-28,5288.118626
2025-10-29,5323.276437
2025-10-30,5334.848662
2025-10-31,5315.377182
2025-11-01,5315.681
2025-11-02,5320.680261
2025-11-03,5310.943697
2025-11-04,5260.432559
2025-11-05,5313.354288
2025-11-06,5301.08189
2025-11-07,5327.394852
2025-11-08,5325.466624
2025-11-09,5284.315331
2025-11-10,5447.443624
2025-11-11,5463.29713
2025-11-12,5578.485974
2025-11-13,5577.705864
2025-11-14,5419.272893
2025-11-15,5419.571429
2025-11-16,5395.140529
2025-11-17,5402.405625
2025-11-18,5397.655005
2025-11-19,5441.421946
2025-11-20,5421.017665
2025-11-21,5448.093071
2025-11-22,5422.453617
2025-11-23,5422.453617
2025-11-24,5500.777707
2025-11-25,5580.889818
2025-11-26,5586.983464
2025-11-27,5556.07362
2025-11-28,5656.446582
2025-11-29,5655.924314
2025-11-30,5631.787583
2025-12-01,5664.107987
2025-12-02,5615.635772
2025-12-03,5644.303853
2025-12-04,5640.303755
2025-12-05,5645.894396
2025-12-06,5622.704044
2025-12-07,5612.312148
2025-12-08,5610.056801
2025-12-09,5619.689982
2025-12-10,5622.101232
2025-12-11,5711.220801
2025-12-12,5739.656365
2025-12-13,5739.74088
2025-12-14,5712.387042
2025-12-15,5751.38556
2025-12-16,5745.456172
2025-12-17,5821.847804
2025-12-18,5788.254337
2025-12-19,5821.113946
2025-12-20,5820.722554
2025-12-21,5834.689965
2025-12-22,5932.618067
2025-12-23,5961.966328
2025-12-24,5996.955034
2025-12-25,5997.647467
2025-12-26,6055.988703
2025-12-27,6053.160176
2025-12-28,6053.160176
2025-12-29,5805.30358
2025-12-30,5862.441941
2025-12-31,5809.529356
2026-01-01,5809.381758
2026-01-02,5807.772066
2026-01-03,5808.920455
2026-01-04,5818.62878
2026-01-05,5916.33945
2026-01-06,5960.507279
2026-01-07,5914.188972
2026-01-08,5937.602656
2026-01-09,5958.274439
2026-01-10,5976.91997
2026-01-11,6005.747532
2026-01-12,6112.946552
2026-01-13,6077.640424
2026-01-14,6131.329093
2026-01-15,6123.887923
2026-01-16,6096.106396
2026-01-17,6077.909091
2026-01-18,6077.909091
2026-01-19,6233.201437
2026-01-20,6359.10925
2026-01-21,6431.44411
2026-01-22,6488.017748
2026-01-23,6599.717211
2026-01-24,6625.357084
2026-01-25,6625.357084
2026-01-26,6740.391027
2026-01-27,6710.316992
2026-01-28,6970.211241
2026-01-29,7044.711868
2026-01-30,6470.601195
2026-01-31,6471.207947
2026-02-01,6503.303773
2026-02-02,6160.495148
2026-02-03,6514.310603
2026-02-04,6467.663961
2026-02-05,6446.227909
2026-02-06,6526.826012
2026-02-07,6558.360075
2026-02-08,6540.297293
2026-02-09,6658.82316
2026-02-10,6614.858461
2026-02-11,6713.006116
2026-02-12,6525.099143
2026-02-13,6622.887883
2026-02-14,6656.308396
2026-02-15,6621.088214
2026-02-16,6565.817856
2026-02-17,6405.116914
2026-02-18,6598.339409
2026-02-19,6657.435258
2026-02-20,6782.360981
2026-02-21,6822.253395
2026-02-22,6822.253395
2026-02-23,6997.604482
2026-02-24,6931.133982
2026-02-25,7029.999375
2026-02-26,6952.986453
2026-02-27,7062.60806
2026-02-28,7125.37875
2026-03-01,7068.937044
2026-03-02,7364.80614
2026-03-03,7122.975298
2026-03-04,7226.499763
2026-03-05,7118.286462
2026-03-06,7234.636186
2026-03-07,7331.96269
2026-03-08,7331.96269
2026-03-09,7577.899962
2026-03-10,7656.619434
2026-03-11,7558.910602
2026-03-12,7513.167946
2026-03-13,7436.204111
2026-03-14,7380.903357
2026-03-15,7380.903357
2026-03-16,7366.533519
2026-03-17,7349.626637
2026-03-18,7203.18583
2026-03-19,6772.773448
2026-03-20,6710.407822
2026-03-21,6579.048752
2026-03-22,6529.303114
2026-03-23,6515.648347
2026-03-24,6487.053542
2026-03-25,6717.486761
2026-03-26,6508.769263
2026-03-27,6647.754978
2026-03-28,6640.760641
2026-03-29,6640.760641
2026-03-30,6943.8872
2026-03-31,7134.67641
2026-04-01,7204.197766
2026-04-02,7098.247096
2026-04-03,7143.431411
2026-04-04,7142.568938
2026-04-05,7142.568938
2026-04-06,7096.938666
2026-04-07,7189.30901
2026-04-08,7098.820945
2026-04-09,7179.825331
2026-04-10,7111.486229
2026-04-11,7080.61736
2026-04-12,7080.61736
2026-04-13,7085.798709
2026-04-14,7123.416869
2026-04-15,6992.849973
2026-04-16,6967.908726
2026-04-17,7064.41236
2026-04-18,7051.044404
2026-04-19,7049.846855
2026-04-20,7033.299387
2026-04-21,6866.984089
2026-04-22,6935.117468
2026-04-23,6981.649453
2026-04-24,6982.547795
2026-04-25,6976.07283
2026-04-26,6976.07283
2026-04-27,6908.180546
2026-04-28,6817.414874
2026-04-29,6776.562386
2026-04-30,6951.335585
2026-05-01,6982.892555
2026-05-02,6953.699647
2026-05-03,6953.699647
2026-05-04,6814.177952
2026-05-05,6887.750305
2026-05-06,6961.771188
2026-05-07,6995.339552
2026-05-08,6994.655644
2026-05-09,6998.934248
2026-05-10,6998.934381
2026-05-11,6995.310094
2026-05-12,6953.44031
2026-05-13,6989.440188
2026-05-14,6951.453113
2026-05-15,6795.810059
2026-05-16,6755.908039
2026-05-17,6755.908039
2026-05-18,6818.452375
2026-05-19,6728.602176
2026-05-20,6800.341451
2026-05-21,6766.716449
2026-05-22,6736.110551
2026-05-23,6727.87824
2026-05-24,6727.87824
2026-05-25,6707.896819
2026-05-26,6586.632583
2026-05-27,6528.625608
2026-05-28,6616.96103
2026-05-29,6677.681043
2026-05-30,6677.335795
2026-05-31,6677.335795
2026-06-01,6562.654793
2026-06-02,6540.856228
2026-06-03,6497.606092
2026-06-04,6536.970835
2026-06-05,6332.014139
2026-06-06,6304.566288
2026-06-07,6304.566288
2026-06-08,6366.591114
2026-06-09,6191.113529
2026-06-10,5999.075887
2026-06-11,6070.303532
2026-06-12,6170.025876
2026-06-13,6154.04602
2026-06-14,6154.04602
2026-06-15,6131.345985
2026-06-16,6130.190766
2026-06-17,6146.875537
2026-06-18,5951.308978
2026-06-19,5826.939038
2026-06-20,5834.781937
2026-06-21,5834.781937
2026-06-22,5858.279846
2026-06-23,5779.73968
2026-06-24,5539.768733
2026-06-25,5617.878684
2026-06-26,5684.900786
2026-06-27,5663.991159
2026-06-28,5663.991159
2026-06-29,5558.601348
2026-06-30,5572.53973
2026-07-01,5613.682421
2026-07-02,5683.936427
2026-07-03,5758.9151
2026-07-04,5776.737301
2026-07-05,5776.737301
2026-07-06,5720.735836
2026-07-07,5697.092892
2026-07-08,5673.913028
2026-07-09,5766.871377
2026-07-10,5720.628038
2026-07-11,5744.992238
2026-07-12,5749.148022
2026-07-13,5653.289757
2026-07-14,5801.761555
2026-07-15,5777.849992
2026-07-16,5654.450401
2026-07-17,5710.795704
2026-07-18,5705.281979
2026-07-19,5704.116735
2026-07-20,5749.723682
2026-07-21,5834.787185
2026-07-22,5988.652871
2026-07-23,5842.803679
2026-07-24,5872.009632
2026-07-25,5850.867667
2026-07-26,5850.137166
2026-07-27,5823.226161
2026-07-28,5728.214438
2026-07-29,5770.653287
2026-07-30,5887.709216
2026-07-31,5826.222073
2026-08-01,5826.330839
2026-08-02,5808.076847
2026-08-03,5685.892787
2026-08-04,5762.175607
2026-08-05,5961.766032
2026-08-06,5947.765049
2026-08-07,6090.293315
2026-08-08,6061.16573
2026-08-09,6061.16573
2026-08-10,6127.539047
2026-08-11,6164.515057
2026-08-12,6223.90894
2026-08-13,6137.847359
2026-08-14,6203.397141
2026-08-15,6177.030263
2026-08-16,6196.306955
2026-08-17,6219.918516
2026-08-18,6207.534986
2026-08-19,6392.146114
2026-08-20,6475.969427
2026-08-21,6626.576412
2026-08-22,6593.92935
2026-08-23,6593.92935
2026-08-24,6606.272422
2026-08-25,6596.189331
2026-08-26,6514.341895
2026-08-27,6515.638266
2026-08-28,6310.86918
2026-08-29,6311.58502
2026-08-30,6253.985657
2026-08-31,6353.899164
2026-09-01,6216.052234
2026-09-02,6298.574537
2026-09-03,6330.720902
